run_group,comparison,step,Delta,loss_total_diff,elastic_energy_diff,fracture_energy_diff,alpha_max_diff,alpha_mean_diff,alpha_step_change_max_diff,HI_max_diff,HII_max_diff,He_max_diff,He_mean_diff,mechanics_drive_max_diff,mechanics_drive_mean_diff,notch_tip_delta_T_mean_diff,notch_tip_delta_T_max_diff,notch_tip_He_current_max_diff,notch_tip_mechanics_drive_max_diff,bottom_right_delta_T_mean_diff,bottom_right_delta_T_max_diff,bottom_right_He_current_max_diff,bottom_right_mechanics_drive_max_diff
3step,solved_minus_prescribed_linear_y,0,1e-06,1.0963452368173421e-14,1.0963452368173421e-14,0.0,0.0,0.0,0.0,6.029949872754514e-10,3.8107828004285693e-10,9.858922567218542e-10,1.7689671949483454e-10,9.858922567218542e-10,1.7689671949483454e-10,2.86102294921875e-06,2.288818359375e-05,4.069988790433854e-11,4.069988790433854e-11,1.665949821472168e-05,0.0,6.969003152335063e-11,6.969003152335063e-11
3step,solved_minus_prescribed_linear_y,1,5.875e-06,3.35009797680641e-14,3.35009797680641e-14,0.0,0.0,0.0,0.0,1.1586962500587106e-09,4.702087608166039e-10,1.2478267308324575e-09,1.9826984498649836e-10,1.2478267308324575e-09,1.9826984498649836e-10,2.86102294921875e-06,2.288818359375e-05,-1.2896634871140122e-09,-1.2896634871140122e-09,1.665949821472168e-05,0.0,3.987224772572517e-09,3.987224772572517e-09
3step,solved_minus_prescribed_linear_y,2,1.075e-05,3.6637359812630166e-15,3.6637359812630166e-15,0.0,0.0,0.0,0.0,2.582964953035116e-09,1.6298145055770874e-09,4.220055416226387e-09,-7.821654435247183e-10,4.220055416226387e-09,-7.821654435247183e-10,2.86102294921875e-06,2.288818359375e-05,-3.805325832217932e-09,-3.805325832217932e-09,1.665949821472168e-05,0.0,1.3555109035223722e-08,1.3555109035223722e-08
3step,solved_minus_no_thermal,0,1e-06,1.533038713336099e-10,1.533038713336099e-10,0.0,0.0,0.0,0.0,8.227869955135247e-06,5.259583701899828e-06,1.3523854590857809e-05,2.4799646212159132e-06,1.3523854590857809e-05,2.4799646212159132e-06,9.999632835388184,10.5921630859375,2.0900149593217066e-06,2.0900149593217066e-06,0.4020843505859375,0.5771484375,-1.1686802281474229e-07,-1.1686802281474229e-07
3step,solved_minus_no_thermal,1,5.875e-06,-2.5247937074368565e-10,-2.5247937074368565e-10,0.0,0.0,0.0,0.0,-7.240323611767963e-07,-1.9200706447008997e-07,-8.106690074782819e-07,-1.3105108337185811e-05,-8.106690074782819e-07,-1.3105108337185811e-05,9.999632835388184,10.5921630859375,-1.6395017155446112e-05,-1.6395017155446112e-05,0.4020843505859375,0.5771484375,-4.74894477520138e-07,-4.74894477520138e-07
3step,solved_minus_no_thermal,2,1.075e-05,-6.546965192200105e-10,-6.546965192200105e-10,0.0,0.0,0.0,0.0,-9.970462997443974e-07,-3.549212124198675e-07,-9.739887900650501e-07,-2.7914185920963064e-05,-9.739887900650501e-07,-2.7914185920963064e-05,9.999632835388184,10.5921630859375,-3.255406772950664e-05,-3.255406772950664e-05,0.4020843505859375,0.5771484375,-8.345741662196815e-07,-8.345741662196815e-07
3step,prescribed_linear_y_minus_no_thermal,0,1e-06,1.5329290788124172e-10,1.5329290788124172e-10,0.0,0.0,0.0,0.0,8.227266960147972e-06,5.259202623619785e-06,1.3522868698601087e-05,2.4797877244964184e-06,1.3522868698601087e-05,2.4797877244964184e-06,9.999629974365234,10.592140197753906,2.0899742594338022e-06,2.0899742594338022e-06,0.4020676910877228,0.5771484375,-1.1693771284626564e-07,-1.1693771284626564e-07
3step,prescribed_linear_y_minus_no_thermal,1,5.875e-06,-2.525128717234537e-10,-2.525128717234537e-10,0.0,0.0,0.0,0.0,-7.25191057426855e-07,-1.9247727323090658e-07,-8.119168342091143e-07,-1.3105306607030798e-05,-8.119168342091143e-07,-1.3105306607030798e-05,9.999629974365234,10.592140197753906,-1.6393727491958998e-05,-1.6393727491958998e-05,0.4020676910877228,0.5771484375,-4.788817022927105e-07,-4.788817022927105e-07
3step,prescribed_linear_y_minus_no_thermal,2,1.075e-05,-6.547001829559917e-10,-6.547001829559917e-10,0.0,0.0,0.0,0.0,-9.996292646974325e-07,-3.565510269254446e-07,-9.782088454812765e-07,-2.791340375551954e-05,-9.782088454812765e-07,-2.791340375551954e-05,9.999629974365234,10.592140197753906,-3.2550262403674424e-05,-3.2550262403674424e-05,0.4020676910877228,0.5771484375,-8.481292752549052e-07,-8.481292752549052e-07
8step,solved_minus_prescribed_linear_y,0,1e-06,1.0963452368173421e-14,1.0963452368173421e-14,0.0,0.0,0.0,0.0,6.029949872754514e-10,3.8107828004285693e-10,9.858922567218542e-10,1.7689671949483454e-10,9.858922567218542e-10,1.7689671949483454e-10,2.86102294921875e-06,2.288818359375e-05,4.069988790433854e-11,4.069988790433854e-11,1.665949821472168e-05,0.0,6.969003152335063e-11,6.969003152335063e-11
8step,solved_minus_prescribed_linear_y,1,5.875e-06,3.35009797680641e-14,3.35009797680641e-14,0.0,0.0,0.0,0.0,1.1586962500587106e-09,4.702087608166039e-10,1.2478267308324575e-09,1.9826984498649836e-10,1.2478267308324575e-09,1.9826984498649836e-10,2.86102294921875e-06,2.288818359375e-05,-1.2896634871140122e-09,-1.2896634871140122e-09,1.665949821472168e-05,0.0,3.987224772572517e-09,3.987224772572517e-09
8step,solved_minus_prescribed_linear_y,2,1.075e-05,3.6637359812630166e-15,3.6637359812630166e-15,0.0,0.0,0.0,0.0,2.582964953035116e-09,1.6298145055770874e-09,4.220055416226387e-09,-7.821654435247183e-10,4.220055416226387e-09,-7.821654435247183e-10,2.86102294921875e-06,2.288818359375e-05,-3.805325832217932e-09,-3.805325832217932e-09,1.665949821472168e-05,0.0,1.3555109035223722e-08,1.3555109035223722e-08
8step,solved_minus_prescribed_linear_y,3,1.5625e-05,-1.5765166949677223e-14,-1.5765166949677223e-14,0.0,0.0,0.0,0.0,5.471520125865936e-09,3.448803909122944e-09,8.96397978067398e-09,-2.0227162167429924e-09,8.96397978067398e-09,-2.0227162167429924e-09,2.86102294921875e-06,2.288818359375e-05,-1.8480932340025902e-09,-1.8480932340025902e-09,1.665949821472168e-05,0.0,2.8783688321709633e-08,2.8783688321709633e-08
8step,solved_minus_prescribed_linear_y,4,2.05e-05,-4.529709940470639e-14,-4.529709940470639e-14,0.0,0.0,0.0,0.0,9.487848728895187e-09,5.995389074087143e-09,1.5541445463895798e-08,-3.812601789832115e-09,1.5541445463895798e-08,-3.812601789832115e-09,2.86102294921875e-06,2.288818359375e-05,-1.2369127944111824e-08,-1.2369127944111824e-08,1.665949821472168e-05,0.0,4.968023858964443e-08,4.968023858964443e-08
8step,solved_minus_prescribed_linear_y,5,2.5375e-05,-8.704148513061227e-14,-8.704148513061227e-14,0.0,0.0,0.0,0.0,1.461012288928032e-08,9.255018085241318e-09,2.3981556296348572e-08,-6.257323548197746e-09,2.3981556296348572e-08,-6.257323548197746e-09,2.86102294921875e-06,2.288818359375e-05,-2.2177118808031082e-08,-2.2177118808031082e-08,1.665949821472168e-05,0.0,7.636845111846924e-08,7.636845111846924e-08
8step,solved_minus_prescribed_linear_y,6,3.025e-05,-1.2612133559741778e-13,-1.2612133559741778e-13,0.0,0.0,0.0,0.0,2.066371962428093e-08,1.3096723705530167e-08,3.387685865163803e-08,-1.1059455573558807e-08,3.387685865163803e-08,-1.1059455573558807e-08,2.86102294921875e-06,2.288818359375e-05,-3.923196345567703e-08,-3.923196345567703e-08,1.665949821472168e-05,0.0,1.0855728760361671e-07,1.0855728760361671e-07
8step,solved_minus_prescribed_linear_y,7,3.5125e-05,-2.4158453015843406e-13,-2.2737367544323206e-13,-1.4210854715202004e-14,0.0,0.0,0.0,2.7997884899377823e-08,1.7578713595867157e-08,4.563480615615845e-08,-1.7113052308559418e-08,4.563480615615845e-08,-1.7113052308559418e-08,2.86102294921875e-06,2.288818359375e-05,-5.168840289115906e-08,-5.168840289115906e-08,1.665949821472168e-05,0.0,1.46450474858284e-07,1.46450474858284e-07
8step,solved_minus_no_thermal,0,1e-06,1.533038713336099e-10,1.533038713336099e-10,0.0,0.0,0.0,0.0,8.227869955135247e-06,5.259583701899828e-06,1.3523854590857809e-05,2.4799646212159132e-06,1.3523854590857809e-05,2.4799646212159132e-06,9.999632835388184,10.5921630859375,2.0900149593217066e-06,2.0900149593217066e-06,0.4020843505859375,0.5771484375,-1.1686802281474229e-07,-1.1686802281474229e-07
8step,solved_minus_no_thermal,1,5.875e-06,-2.5247937074368565e-10,-2.5247937074368565e-10,0.0,0.0,0.0,0.0,-7.240323611767963e-07,-1.9200706447008997e-07,-8.106690074782819e-07,-1.3105108337185811e-05,-8.106690074782819e-07,-1.3105108337185811e-05,9.999632835388184,10.5921630859375,-1.6395017155446112e-05,-1.6395017155446112e-05,0.4020843505859375,0.5771484375,-4.74894477520138e-07,-4.74894477520138e-07
8step,solved_minus_no_thermal,2,1.075e-05,-6.546965192200105e-10,-6.546965192200105e-10,0.0,0.0,0.0,0.0,-9.970462997443974e-07,-3.549212124198675e-07,-9.739887900650501e-07,-2.7914185920963064e-05,-9.739887900650501e-07,-2.7914185920963064e-05,9.999632835388184,10.5921630859375,-3.255406772950664e-05,-3.255406772950664e-05,0.4020843505859375,0.5771484375,-8.345741662196815e-07,-8.345741662196815e-07
8step,solved_minus_no_thermal,3,1.5625e-05,-1.0105520864556183e-09,-1.0105094538914727e-09,-4.263256414560601e-14,0.0,-5.960464477539063e-08,0.0,-9.117648005485535e-07,-5.215188139118254e-07,-1.3506505638360977e-06,-4.2375148041173816e-05,-1.3506505638360977e-06,-4.2375148041173816e-05,9.999632835388184,10.5921630859375,-4.869211988989264e-05,-4.869211988989264e-05,0.4020843505859375,0.5771484375,-1.236854586750269e-06,-1.236854586750269e-06
8step,solved_minus_no_thermal,4,2.05e-05,-1.3689889222234797e-09,-1.3688610245310429e-09,-1.2789769243681803e-13,0.0,-1.7881393432617188e-07,0.0,-1.0964577086269855e-06,-6.924965418875217e-07,-1.7933780327439308e-06,-5.6921038776636124e-05,-1.7933780327439308e-06,-5.6921038776636124e-05,9.999632835388184,10.5921630859375,-6.485273479484022e-05,-6.485273479484022e-05,0.4020843505859375,0.5771484375,-1.65554229170084e-06,-1.65554229170084e-06
8step,solved_minus_no_thermal,5,2.5375e-05,-1.7306227562130516e-09,-1.7300685328791587e-09,-5.542233338928781e-13,-4.172325134277344e-07,-6.556510925292969e-07,5.364418029785156e-07,-1.3727694749832153e-06,-8.67003109306097e-07,-2.2453023120760918e-06,-7.15329369995743e-05,-2.2453023120760918e-06,-7.15329369995743e-05,9.999632835388184,10.5921630859375,-8.115969831123948e-05,-8.115969831123948e-05,0.4020843505859375,0.5771484375,-2.085929736495018e-06,-2.085929736495018e-06
8step,solved_minus_no_thermal,6,3.025e-05,-2.095045914529692e-09,-2.0940511546996277e-09,-9.947598300641403e-13,-9.5367431640625e-07,-1.1324882507324219e-06,5.364418029785156e-07,-1.6557169146835804e-06,-1.0457297321408987e-06,-2.7080532163381577e-06,-8.620979497209191e-05,-2.7080532163381577e-06,-8.620979497209191e-05,9.999632835388184,10.5921630859375,-9.744882117956877e-05,-9.744882117956877e-05,0.4020843505859375,0.5771484375,-2.552580554038286e-06,-2.552580554038286e-06
8step,solved_minus_no_thermal,7,3.5125e-05,-2.460588177655154e-09,-2.459024983636482e-09,-1.5631940186722204e-12,-1.3709068298339844e-06,-1.7285346984863281e-06,6.854534149169922e-07,-1.946929842233658e-06,-1.229753252118826e-06,-3.1846575438976288e-06,-0.00010085105895996094,-3.1846575438976288e-06,-0.00010085105895996094,9.999632835388184,10.5921630859375,-0.00011371658183634281,-0.00011371658183634281,0.4020843505859375,0.5771484375,-3.0195806175470352e-06,-3.0195806175470352e-06
8step,prescribed_linear_y_minus_no_thermal,0,1e-06,1.5329290788124172e-10,1.5329290788124172e-10,0.0,0.0,0.0,0.0,8.227266960147972e-06,5.259202623619785e-06,1.3522868698601087e-05,2.4797877244964184e-06,1.3522868698601087e-05,2.4797877244964184e-06,9.999629974365234,10.592140197753906,2.0899742594338022e-06,2.0899742594338022e-06,0.4020676910877228,0.5771484375,-1.1693771284626564e-07,-1.1693771284626564e-07
8step,prescribed_linear_y_minus_no_thermal,1,5.875e-06,-2.525128717234537e-10,-2.525128717234537e-10,0.0,0.0,0.0,0.0,-7.25191057426855e-07,-1.9247727323090658e-07,-8.119168342091143e-07,-1.3105306607030798e-05,-8.119168342091143e-07,-1.3105306607030798e-05,9.999629974365234,10.592140197753906,-1.6393727491958998e-05,-1.6393727491958998e-05,0.4020676910877228,0.5771484375,-4.788817022927105e-07,-4.788817022927105e-07
8step,prescribed_linear_y_minus_no_thermal,2,1.075e-05,-6.547001829559917e-10,-6.547001829559917e-10,0.0,0.0,0.0,0.0,-9.996292646974325e-07,-3.565510269254446e-07,-9.782088454812765e-07,-2.791340375551954e-05,-9.782088454812765e-07,-2.791340375551954e-05,9.999629974365234,10.592140197753906,-3.2550262403674424e-05,-3.2550262403674424e-05,0.4020676910877228,0.5771484375,-8.481292752549052e-07,-8.481292752549052e-07
8step,prescribed_linear_y_minus_no_thermal,3,1.5625e-05,-1.0105363212886687e-09,-1.010493688724523e-09,-4.263256414560601e-14,0.0,-5.960464477539063e-08,0.0,-9.172363206744194e-07,-5.249676178209484e-07,-1.3596145436167717e-06,-4.237312532495707e-05,-1.3596145436167717e-06,-4.237312532495707e-05,9.999629974365234,10.592140197753906,-4.8690271796658635e-05,-4.8690271796658635e-05,0.4020676910877228,0.5771484375,-1.2656382750719786e-06,-1.2656382750719786e-06
8step,prescribed_linear_y_minus_no_thermal,4,2.05e-05,-1.368943625124075e-09,-1.3688157274316382e-09,-1.2789769243681803e-13,0.0,-1.7881393432617188e-07,0.0,-1.1059455573558807e-06,-6.984919309616089e-07,-1.8089194782078266e-06,-5.691722617484629e-05,-1.8089194782078266e-06,-5.691722617484629e-05,9.999629974365234,10.592140197753906,-6.48403656668961e-05,-6.48403656668961e-05,0.4020676910877228,0.5771484375,-1.7052225302904844e-06,-1.7052225302904844e-06
8step,prescribed_linear_y_minus_no_thermal,5,2.5375e-05,-1.730535714727921e-09,-1.7299814913940281e-09,-5.542233338928781e-13,-4.172325134277344e-07,-6.556510925292969e-07,5.364418029785156e-07,-1.3873795978724957e-06,-8.762581273913383e-07,-2.2692838683724403e-06,-7.15266796760261e-05,-2.2692838683724403e-06,-7.15266796760261e-05,9.999629974365234,10.592140197753906,-8.113752119243145e-05,-8.113752119243145e-05,0.4020676910877228,0.5771484375,-2.1622981876134872e-06,-2.1622981876134872e-06
8step,prescribed_linear_y_minus_no_thermal,6,3.025e-05,-2.0949197931940944e-09,-2.0939250333640302e-09,-9.947598300641403e-13,-9.5367431640625e-07,-1.1324882507324219e-06,5.364418029785156e-07,-1.6763806343078613e-06,-1.0588264558464289e-06,-2.7419300749897957e-06,-8.619873551651835e-05,-2.7419300749897957e-06,-8.619873551651835e-05,9.999629974365234,10.592140197753906,-9.740958921611309e-05,-9.740958921611309e-05,0.4020676910877228,0.5771484375,-2.661137841641903e-06,-2.661137841641903e-06
8step,prescribed_linear_y_minus_no_thermal,7,3.5125e-05,-2.4603465931249957e-09,-2.4587976099610387e-09,-1.5489831639570184e-12,-1.3709068298339844e-06,-1.7285346984863281e-06,6.854534149169922e-07,-1.9749277271330357e-06,-1.247331965714693e-06,-3.2302923500537872e-06,-0.00010083394590765238,-3.2302923500537872e-06,-0.00010083394590765238,9.999629974365234,10.592140197753906,-0.00011366489343345165,-0.00011366489343345165,0.4020676910877228,0.5771484375,-3.1660310924053192e-06,-3.1660310924053192e-06
