seed,step,Delta,region,node_count,element_count,du_dDelta_mean,du_dDelta_abs_mean,du_dDelta_abs_max,dv_dDelta_mean,dv_dDelta_abs_mean,dv_dDelta_abs_max,deps_xx_dDelta_mean,deps_xx_dDelta_abs_mean,deps_xx_dDelta_abs_max,deps_yy_dDelta_mean,deps_yy_dDelta_abs_mean,deps_yy_dDelta_abs_max,deps_xy_dDelta_mean,deps_xy_dDelta_abs_mean,deps_xy_dDelta_abs_max
7,0,1e-06,whole_domain,2786,5411,-0.06976052406211779,0.0964888940345748,0.37302032113075256,0.499174079619827,0.5012040845236732,1.0816636085510254,-24.229169879313314,25.581723140881554,125.73223876953125,59.34561177916056,60.59631236624073,763.7118530273438,0.5090411369482442,9.778032558035044,239.87347412109375
7,0,1e-06,top_boundary,20,20,0.010625850968062877,0.17268515508621932,0.37302032113075256,1.0,1.0,1.0,-51.42733174338937,53.96864489540458,109.90079498291016,55.89520065784454,61.79294044971466,110.15470886230469,0.6988929197192192,1.3244547560811042,2.2273948192596436
7,0,1e-06,bottom_boundary,20,20,0.0,0.0,0.0,0.0,0.0,0.0,-0.4199636936187744,0.4199636936187744,8.399273872375488,58.65325141251087,58.68675961196423,119.97789001464844,-1.5311049163341521,15.084384793043137,32.86705780029297
7,0,1e-06,left_boundary,36,129,0.02495312871825364,0.05239903492232164,0.1721029132604599,0.5189198244156109,0.5449125929218199,1.0816636085510254,2.3308644438407913,2.5241976716057506,11.08184814453125,-6.280746310922252,6.42616431000859,29.040939331054688,0.33547929645508756,1.4086103328438693,6.9099225997924805
7,0,1e-06,right_boundary,35,121,-0.2299714214035443,0.2299714214035443,0.37302032113075256,0.5383562773466111,0.5383562773466111,1.0,-78.97900990415211,78.97900990415211,95.56410217285156,96.8149461982664,96.8149461982664,143.95823669433594,-1.1465146137663156,1.3895176255013333,24.40395736694336
7,0,1e-06,near_notch,166,315,-0.1135493480174028,0.1135493480174028,0.171443909406662,0.48715564330299216,0.48715564330299216,0.8005504012107849,-33.95910505652428,38.59052176314687,125.73223876953125,108.46220896868479,109.20232529129301,763.7118530273438,2.575278338931856,37.33272191380698,239.87347412109375
7,1,5e-06,whole_domain,2786,5411,-0.07561352004765944,0.09738087623374872,0.28653204441070557,0.500212605162008,0.502419016228106,1.08424711227417,-17.10336691044186,18.61901740116508,131.58644104003906,59.069113607666964,60.40303772518107,817.3865356445312,0.4949738950978237,9.630036096782046,247.78504943847656
7,1,5e-06,top_boundary,20,20,0.01138973142951727,0.15966811161488295,0.28653204441070557,1.0,1.0,1.0,-41.75653470158577,44.643187874555586,110.62086486816406,54.20413823574781,60.69572272747755,110.62024688720703,1.027138863503933,1.417673821747303,2.167628526687622
7,1,5e-06,bottom_boundary,20,20,0.0,0.0,0.0,0.0,0.0,0.0,-0.056816548109054565,0.056816548109054565,1.1363309621810913,59.794163739681245,60.335665905475615,124.6335220336914,-2.114510658290237,8.918678167369217,15.648907661437988
7,1,5e-06,left_boundary,36,129,0.011118514573253278,0.053123112166455634,0.15697064995765686,0.5188907450873457,0.5469806856805614,1.08424711227417,2.2881473136051422,2.4627666876943737,11.333664894104004,-6.1514783687817385,6.218576164981133,30.192407608032227,0.4426193274268808,1.309732947238656,4.057172775268555
7,1,5e-06,right_boundary,35,121,-0.17324072431240764,0.17324072431240764,0.28653204441070557,0.5382154513682638,0.5382154513682638,1.0,-12.620599246222126,12.620599246222126,22.13435935974121,95.9245747968185,95.9245747968185,139.39317321777344,-0.5343079793551737,0.741002466067795,9.37512493133545
7,1,5e-06,near_notch,166,315,-0.13216659373951606,0.13216659373951606,0.19501209259033203,0.48696815303291185,0.48696815303291185,0.814155638217926,-32.576096753799725,39.253807800298645,131.58644104003906,111.50997200764361,112.44556438587014,817.3865356445312,2.272421341472202,38.89759925244346,247.78504943847656
7,2,1e-05,whole_domain,2786,5411,-0.07731273325782556,0.0980834284215686,0.28052884340286255,0.5001528118472538,0.5024864151015425,1.0854469537734985,-16.3665252523747,17.93802332170032,136.22991943359375,59.04460668471889,60.47220409661144,849.419921875,0.4266557578005019,9.519585775563604,250.16061401367188
7,2,1e-05,top_boundary,20,20,0.008621005155146123,0.1572783263400197,0.28052884340286255,1.0,1.0,1.0,-40.36418821960687,43.98571331650019,111.50927734375,53.91657314226031,60.52886767312884,111.5084457397461,0.7979612959548831,1.2523929672315717,2.51749587059021
7,2,1e-05,bottom_boundary,20,20,0.0,0.0,0.0,0.0,0.0,0.0,-0.030331817269325257,0.030331817269325257,0.6066363453865051,59.6059916973114,60.27549774646759,125.56576538085938,-1.3259739689528942,7.133144121617079,11.239205360412598
7,2,1e-05,left_boundary,36,129,0.008505850229994394,0.05270966233122939,0.14841629564762115,0.5188065294642001,0.5476087142144226,1.0854469537734985,2.4645119007359177,2.606744720723278,17.172531127929688,-6.370826535215674,6.4682972652967585,30.092493057250977,0.3982419727384582,1.35707220735476,4.23381233215332
7,2,1e-05,right_boundary,35,121,-0.16818421671965292,0.16818421671965292,0.28052884340286255,0.5392616648759161,0.5392616648759161,1.0,-6.758587691902129,6.758587691902129,14.803932189941406,95.63545863884539,95.63545863884539,138.64039611816406,-0.531939573524412,0.665458848653746,6.007071495056152
7,2,1e-05,near_notch,166,315,-0.1357968000201396,0.1357968000201396,0.19957470893859863,0.4856808019510235,0.4856808019510235,0.8184541463851929,-33.108006228376844,40.05339985368071,136.22991943359375,114.29092009387438,115.20685521816569,849.419921875,2.3847909586770193,39.0626461596716,250.16061401367188
7,3,1.5e-05,whole_domain,2786,5411,-0.07908906588869934,0.09901381110719705,0.28725337982177734,0.5001494383382342,0.5026308975910132,1.0851519107818604,-16.308657331114695,17.858537331485945,146.60789489746094,59.07045309467728,60.550547608712506,912.8741455078125,0.37386058936815697,9.409914135935676,271.3343505859375
7,3,1.5e-05,top_boundary,20,20,0.006178942322731018,0.1562975212931633,0.28725337982177734,1.0,1.0,1.0,-40.950748064368966,43.8808756493032,111.54035949707031,53.33170996904373,60.013866460323335,111.51750183105469,1.0566478103399277,1.3560376435518264,2.4531755447387695
7,3,1.5e-05,bottom_boundary,20,20,0.0,0.0,0.0,0.0,0.0,0.0,-0.01942336857318878,0.01942336857318878,0.38846737146377563,59.26536229848862,60.02959393262863,126.86978149414062,-1.24113302603364,6.587045983225107,10.282241821289062
7,3,1.5e-05,left_boundary,36,129,0.006808083236036409,0.05264018947814798,0.1479177325963974,0.5181736419391301,0.5479745663081607,1.0851519107818604,2.420180189943071,2.543499103487404,11.31280517578125,-6.4293855498292185,6.513809309420428,29.794435501098633,0.47214762000150456,1.2897883274758508,4.137134552001953
7,3,1.5e-05,right_boundary,35,121,-0.16942848060280086,0.16942848060280086,0.28725337982177734,0.5406201051814216,0.5406201051814216,1.0,-5.263029371411347,5.263029371411347,12.136470794677734,95.42623977030604,95.42623977030604,139.33888244628906,-0.5231913259206724,0.6305771780408118,5.345857620239258
7,3,1.5e-05,near_notch,166,315,-0.13802119421896086,0.13802119421896086,0.20213353633880615,0.48597423103918513,0.48597423103918513,0.8241831660270691,-33.829831479895965,41.182324893563795,146.60789489746094,118.46203644275666,119.54975528452131,912.8741455078125,2.3915500816844757,39.40439878475098,271.3343505859375
7,4,2e-05,whole_domain,2786,5411,-0.08032949337546907,0.09967094725777093,0.29724982380867004,0.5003417359947675,0.5030132974071341,1.083286166191101,-16.486850152181624,17.945928925330303,155.65896606445312,59.333938832956825,60.82905071075602,1185.03125,0.3747249797958694,9.258741322627372,302.0046691894531
7,4,2e-05,top_boundary,20,20,0.004478076659142971,0.15451801810413598,0.29724982380867004,1.0,1.0,1.0,-41.424121510982516,44.41391108334064,111.11878204345703,52.500761079788205,59.30293502807617,111.13532257080078,0.9971873104572296,1.2891430586576462,3.0898382663726807
7,4,2e-05,bottom_boundary,20,20,0.0,0.0,0.0,0.0,0.0,0.0,-0.01385800987482071,0.01385800987482071,0.2771601974964142,58.482786673307416,59.392123001813886,128.28402709960938,-1.3720248073339463,6.101176515221596,9.905702590942383
7,4,2e-05,left_boundary,36,129,0.005138448111311946,0.052118058337429024,0.14282390475273132,0.5171368910685286,0.547773600239048,1.083286166191101,2.3758012252145035,2.571733724181504,11.073439598083496,-6.27885026789393,6.418612871333495,29.32305908203125,0.33887952150300493,1.3674215743708056,3.7998790740966797
7,4,2e-05,right_boundary,35,121,-0.17280188836157323,0.17280188836157323,0.29724982380867004,0.541870186158589,0.541870186158589,1.0,-6.380855601188565,6.380855601188565,13.473695755004883,95.18029980620076,95.18029980620076,140.90533447265625,-0.5205485968550375,0.6310482803455069,5.04323673248291
7,4,2e-05,near_notch,166,315,-0.13886879003012037,0.13886879003012037,0.20474934577941895,0.48724958875093116,0.48724958875093116,0.8360718488693237,-35.050954198789974,41.811862555903105,155.65896606445312,129.53192627032598,130.65203078266174,1185.03125,2.958461021998572,39.91894995295812,302.0046691894531
7,5,2.5e-05,whole_domain,2786,5411,-0.07472228634552551,0.09338546246176105,0.3059769570827484,0.5000039845884837,0.502518726209738,1.0698573589324951,-16.435664412388398,17.383810279106903,124.10423278808594,61.54326785777488,62.77433735432367,2760.767822265625,0.4222264484499105,8.971669519427875,414.1358337402344
7,5,2.5e-05,top_boundary,20,20,0.005666175112128258,0.143722191080451,0.3059769570827484,1.0,1.0,1.0,-40.75638336520642,43.34643589723855,111.12919616699219,50.13100841939449,55.9188622623682,111.14251708984375,0.956907793879509,1.2421639055013656,2.5625758171081543
7,5,2.5e-05,bottom_boundary,20,20,0.0,0.0,0.0,0.0,0.0,0.0,-0.013511449098587036,0.013511449098587036,0.2702289819717407,55.7391370087862,56.74504552185535,127.3936767578125,-0.9618468761444092,5.0706747174263,8.612015724182129
7,5,2.5e-05,left_boundary,36,129,0.004139948153958055,0.04866558363442487,0.1265609860420227,0.5128881828859448,0.541487651049263,1.0698573589324951,2.1922178609484386,2.424842301582874,9.436144828796387,-5.4561551075515355,5.551181026351776,24.326568603515625,0.34681166696918103,1.1594227626342182,3.8433189392089844
7,5,2.5e-05,right_boundary,35,121,-0.17151683209730045,0.17151683209730045,0.3059769570827484,0.5399042738335473,0.5399042738335473,1.0,-9.915007750357478,9.915007750357478,23.532209396362305,95.25123116989766,95.25123116989766,139.4550323486328,-0.4710698620346952,0.5943762783176643,4.105167388916016
7,5,2.5e-05,near_notch,166,315,-0.12407752734620169,0.12407752734620169,0.18435323238372803,0.4923952092607337,0.4923952092607337,0.8662987947463989,-38.25883652677257,41.77300910103534,124.10423278808594,179.7924904030526,180.37961200529503,2760.767822265625,3.6593741242847746,46.941178378604704,414.1358337402344
7,6,3e-05,whole_domain,2786,5411,-0.06700670364376937,0.08580113048092812,0.3072143793106079,0.4993601799235955,0.5014004182882894,1.0552573204040527,-16.776276695661487,17.5240274280784,230.00314331054688,64.67948895398933,65.69862047243745,4088.893798828125,0.5211530955402672,8.91560832213461,738.1964111328125
7,6,3e-05,top_boundary,20,20,0.008219848852604628,0.13075072346255184,0.3072143793106079,1.0,1.0,1.0,-39.285287983715534,42.078229136765,108.62818908691406,47.450978115200996,52.00493595302105,108.6287612915039,0.768565209209919,1.0283310011029243,1.9349180459976196
7,6,3e-05,bottom_boundary,20,20,0.0,0.0,0.0,0.0,0.0,0.0,-0.014714975655078889,0.014714975655078889,0.29429951310157776,52.641842156648636,53.55928626656532,126.3469467163086,-0.4738975137472153,3.9386994749307633,7.24478006362915
7,6,3e-05,left_boundary,36,129,0.0056869464234397225,0.04383930806781993,0.1098601371049881,0.5095924576744437,0.533349291421473,1.0552573204040527,2.041636028305389,2.3049517954418133,9.92373275756836,-4.289350753289091,4.427598925437345,19.12022590637207,0.28330463448236154,1.1386208409486815,3.4995079040527344
7,6,3e-05,right_boundary,35,121,-0.16876491531729698,0.16876491531729698,0.3072143793106079,0.5362492440002306,0.5362492440002306,1.0,-13.101010922804353,13.101010922804353,42.08152389526367,94.94751878218217,94.94751878218217,137.7914276123047,-0.34634407689748714,0.5721799085948093,3.198319911956787
7,6,3e-05,near_notch,166,315,-0.10482175284660006,0.10482175284660006,0.172146275639534,0.49658497207495106,0.49658497207495106,0.8932380676269531,-45.70109114119458,47.173968838297185,230.00314331054688,239.47428782817036,239.8882095465407,4088.893798828125,4.7401591263120135,50.81338050857423,738.1964111328125
7,7,3.5e-05,whole_domain,2786,5411,-0.06099100158282332,0.07810007978273556,0.2979421615600586,0.4980322829071374,0.49969421281737303,1.044723629951477,-16.894198633837394,17.675461088357384,288.2420654296875,68.2136229716852,69.05906461328206,5088.43408203125,0.4535823854216915,8.397010830947188,765.6182250976562
7,7,3.5e-05,top_boundary,20,20,0.009261826984584332,0.1134026063606143,0.2979421615600586,1.0,1.0,1.0,-36.64356862418354,39.0997352425009,105.52188873291016,44.77063727937639,48.43518552221358,105.52779388427734,0.524044769629836,0.8287262644618749,1.5521858930587769
7,7,3.5e-05,bottom_boundary,20,20,0.0,0.0,0.0,0.0,0.0,0.0,-0.016274569928646086,0.016274569928646086,0.32549139857292175,48.80231304764747,49.56109753251076,122.8967056274414,0.0030063599348068236,2.934979984164238,5.8784403800964355
7,7,3.5e-05,left_boundary,36,129,0.004604620613261229,0.03718062060781651,0.0911322832107544,0.5076223330365287,0.5272236284282472,1.044723629951477,1.8584017241590245,2.258016225181578,8.959911346435547,-3.4201145732067815,3.54133282737561,15.821579933166504,0.3170839603557143,0.9609833179518233,3.199538230895996
7,7,3.5e-05,right_boundary,35,121,-0.16657349536461488,0.16657349536461488,0.2979421615600586,0.5304152382271631,0.5304152382271631,1.0,-16.26949396680209,16.26949396680209,66.87358093261719,94.46980764846171,94.46980764846171,134.24183654785156,-0.295817422472741,0.574297380841468,2.283189296722412
7,7,3.5e-05,near_notch,166,315,-0.08782275015045048,0.08782275015045048,0.16005322337150574,0.49919627894120044,0.49919627894120044,0.9128462672233582,-47.394513713745845,48.695195640836445,288.2420654296875,290.506886972416,290.6592094838619,5088.43408203125,3.0886151510571676,49.21168426029266,765.6182250976562
7,8,4e-05,whole_domain,2786,5411,-0.056001767587880155,0.07329400538386664,0.2708354592323303,0.49728028082510745,0.49868842864812885,1.038499355316162,-17.649534090507238,18.463081074546785,379.65240478515625,72.18013290297102,72.96570093372262,6202.21240234375,0.4779671039828155,7.961802998570423,1051.975830078125
7,8,4e-05,top_boundary,20,20,0.014236943610012532,0.09981858152896166,0.2708354592323303,1.0,1.0,1.0,-33.34448489537463,35.43735932325944,101.83425903320312,41.129475264251234,44.31309733837843,101.99079132080078,0.49503262117505076,0.8927291236817837,3.1428520679473877
7,8,4e-05,bottom_boundary,20,20,0.0,0.0,0.0,0.0,0.0,0.0,-0.02330697178840637,0.02330697178840637,0.46613943576812744,44.537941712141034,45.14861508011818,116.8828125,0.1540744960308075,2.2844918757677077,5.398752689361572
7,8,4e-05,left_boundary,36,129,0.005836919784390678,0.034627415246278465,0.08314386010169983,0.5066522770923458,0.5235114481248375,1.038499355316162,1.6452365095777683,2.154386314144719,7.7293596267700195,-2.8495208477789116,3.144182776353618,14.010553359985352,-0.061350197755089105,0.6869447730308356,2.538027763366699
7,8,4e-05,right_boundary,35,121,-0.167579372360238,0.167579372360238,0.2708354592323303,0.523879906960896,0.523879906960896,1.0,-20.454782002228352,20.454782002228352,88.69249725341797,94.53415862784898,94.53415862784898,128.650634765625,-0.2634937221353704,0.6463253823193637,2.1366043090820312
7,8,4e-05,near_notch,166,315,-0.07216220981958996,0.07226506497743203,0.1465166211128235,0.5011275911546615,0.5011275911546615,0.9272570610046387,-44.563536038332515,46.83259646793206,379.65240478515625,327.6742520919395,327.8870836361533,6202.21240234375,2.0345162104046532,49.82797706846207,1051.975830078125
7,9,4.5e-05,whole_domain,2786,5411,-0.0533458094508565,0.06904344224954286,0.2376299798488617,0.49648636435363896,0.49770132269168016,1.0332927703857422,-18.376063987903613,19.11428581589451,297.3722839355469,76.16619202511674,76.89033997924072,6740.044921875,0.4122524967448446,8.185982143862,1130.0126953125
7,9,4.5e-05,top_boundary,20,20,0.018020327016711236,0.08333686999976635,0.22622057795524597,1.0,1.0,1.0,-28.13318140655756,30.01812558323145,95.08692932128906,37.14604354500771,39.9583315551281,97.816650390625,0.11085609700530767,0.9492219874635339,3.963580846786499
7,9,4.5e-05,bottom_boundary,20,20,0.0,0.0,0.0,0.0,0.0,0.0,-0.08306455016136169,0.08306455016136169,1.6612910032272339,39.84558435380459,40.37321510016918,105.62298583984375,0.10975304767489433,1.581564462929964,4.404471397399902
7,9,4.5e-05,left_boundary,36,129,0.004707907662830419,0.030901396233174536,0.07254315167665482,0.5058288079582982,0.5205148290842772,1.0332927703857422,1.4921994918773254,1.8571702634876002,7.066228866577148,-2.436429352752229,2.660964202193558,12.256839752197266,-0.07786180021226868,0.7324471210324487,2.3009939193725586
7,9,4.5e-05,right_boundary,35,121,-0.16856381233249393,0.16856381233249393,0.2376299798488617,0.5160970305757863,0.5160970305757863,1.0,-28.107602805145515,28.107602805145515,90.66368103027344,97.27310704002696,97.27310704002696,117.06148529052734,-0.19863576263435617,0.7240867331500881,2.055635452270508
7,9,4.5e-05,near_notch,166,315,-0.06253559875627418,0.06266276071167899,0.13294991850852966,0.5015852283461985,0.5015852283461985,0.9358757734298706,-40.603824846754,42.17594100629527,297.3722839355469,354.5659481584553,354.62734597164484,6740.044921875,0.19011522928873698,52.61277282351539,1130.0126953125
7,10,4.7e-05,whole_domain,2786,5411,-0.0540604890643137,0.06767292531426362,0.2352915108203888,0.49642306021963345,0.4975804038340507,1.0320185422897339,-18.36911012727741,19.186427973261715,301.998046875,77.68103326583852,78.39260350926301,7146.5068359375,0.2563765508008629,8.651980947235655,1259.4014892578125
7,10,4.7e-05,top_boundary,20,20,0.016461089823860676,0.07649766298709437,0.20492655038833618,1.0,1.0,1.0,-25.55117524387315,27.36215094802901,85.39629364013672,35.664849957823755,38.34703940451145,95.18087005615234,0.2570037368685007,0.8990263465791941,3.089742660522461
7,10,4.7e-05,bottom_boundary,20,20,0.0,0.0,0.0,0.0,0.0,0.0,-0.07480284571647644,0.07480284571647644,1.4960569143295288,38.2344373345375,38.716915583610536,101.37026977539062,-0.13147111386060714,1.2305497899651527,3.8912243843078613
7,10,4.7e-05,left_boundary,36,129,0.0021312664741546744,0.02895030601777964,0.06657728552818298,0.5055331320553604,0.5196922887375371,1.0320185422897339,1.488580170166029,1.9099489860101277,6.77313232421875,-2.258041347961786,2.5914059542119503,11.708688735961914,-0.19175778895385506,0.6370650917984718,2.2650413513183594
7,10,4.7e-05,right_boundary,35,121,-0.168017052686108,0.168017052686108,0.2352915108203888,0.5137256984199796,0.5137256984199796,1.0,-31.200959278532295,31.200959278532295,86.6061019897461,99.48526133387541,99.48526133387541,112.11672973632812,-0.19299812577972728,0.7041215322727015,2.6647768020629883
7,10,4.7e-05,near_notch,166,315,-0.05963999535874408,0.059717005975011464,0.12657099962234497,0.5029355007706278,0.5029355007706278,0.940359354019165,-37.94701922460208,40.08321387871863,301.998046875,365.01639883074733,365.18907072911895,7146.5068359375,0.015089931185283359,55.269174442594014,1259.4014892578125
7,11,4.9e-05,whole_domain,2786,5411,-0.04883742189944953,0.06504876618577633,0.23367981612682343,0.4959098117255593,0.49695674318379646,1.0295953750610352,-18.442169510206526,19.284371877958723,305.70172119140625,79.20978089586477,79.87138898796988,7557.65087890625,0.35116247760623864,9.075721085272596,1387.01904296875
7,11,4.9e-05,top_boundary,20,20,0.02053736056841444,0.07494780626439024,0.1876695454120636,1.0,1.0,1.0,-24.208852157369257,25.93121179677546,79.87459564208984,34.19630500003696,36.76019903495908,91.83280944824219,-0.09560016840696335,1.0036084249615669,3.752577543258667
7,11,4.9e-05,bottom_boundary,20,20,0.0,0.0,0.0,0.0,0.0,0.0,-0.06518311500549316,0.06518311500549316,1.3036623001098633,36.67883539497852,37.09952011406422,97.2569351196289,-0.17991222068667412,1.161039986461401,3.4868860244750977
7,11,4.9e-05,left_boundary,36,129,0.0059761191757085426,0.03032859014476546,0.06956405937671661,0.5053678322583437,0.5182373488528861,1.0295953750610352,1.3143047849871508,1.7169554867788919,6.499325275421143,-1.8563167676735712,2.2201040225607063,11.075029373168945,-0.07413691189862037,0.5689312030178632,2.0412702560424805
7,11,4.9e-05,right_boundary,35,121,-0.16306959264246482,0.16306959264246482,0.23367981612682343,0.5113629789224693,0.5113629789224693,1.0,-33.143217654267616,33.143217654267616,82.02168273925781,102.86907933763236,102.86907933763236,136.20840454101562,-0.1777818286714475,0.8861220281971388,4.305393218994141
7,11,4.9e-05,near_notch,166,315,-0.05213868805468195,0.05274437134875074,0.11543625593185425,0.5025727058570069,0.5025727058570069,0.9438535571098328,-36.57989588796146,38.767573528725,305.70172119140625,374.95222387730126,375.00026869518416,7557.65087890625,0.7679466489761595,57.56196037171379,1387.01904296875
7,12,5.1e-05,whole_domain,2786,5411,-0.04668446174236733,0.06231175374204698,0.23137874901294708,0.49566454336040044,0.49665847147896725,1.0285930633544922,-18.088096274534124,19.002394401823462,326.3283996582031,80.55238828874715,81.25533610886669,7870.9658203125,0.3089084270474095,9.664059694549005,1462.7864990234375
7,12,5.1e-05,top_boundary,20,20,0.02025163248181343,0.07252643369138241,0.18091201782226562,1.0,1.0,1.0,-23.335180029086768,25.00740585308522,79.72811126708984,32.83352799117565,35.262179997563365,88.26071166992188,0.02634655898436904,0.6815734260715545,3.1729583740234375
7,12,5.1e-05,bottom_boundary,20,20,0.0,0.0,0.0,0.0,0.0,0.0,-0.063847017288208,0.063847017288208,1.2769403457641602,35.2141206651926,35.610975375771524,93.43978881835938,-0.2979377806186676,1.2390004456043244,3.6396467685699463
7,12,5.1e-05,left_boundary,36,129,0.0057966470841266625,0.028956496754997514,0.06709729880094528,0.5052367230463359,0.5174106246688299,1.0285930633544922,1.2456149831414223,1.542885533425697,6.05094575881958,-1.7452885419303594,2.1219300322465657,10.362295150756836,0.012414885583774064,0.62739922787792,1.9530091285705566
7,12,5.1e-05,right_boundary,35,121,-0.15933312148387943,0.15933312148387943,0.23137874901294708,0.5097133654568876,0.5097133654568876,1.0,-36.76663627309247,36.76663627309247,82.79911804199219,106.45528002021726,106.45528002021726,232.09246826171875,-0.34522543853718385,1.2892457868072613,8.60297679901123
7,12,5.1e-05,near_notch,166,315,-0.04777250867543871,0.048568681143511774,0.11133275181055069,0.5037514129990196,0.5037514129990196,0.9474577903747559,-34.71569283907375,37.362025306622186,326.3283996582031,383.51970206905924,383.7465593270839,7870.9658203125,0.7604326520647321,59.78511704944429,1462.7864990234375
7,13,5.3e-05,whole_domain,2786,5411,-0.04233522053875521,0.05986390789667996,0.22682887315750122,0.4952597626481948,0.49619872360388567,1.0270638465881348,-17.682387016477044,18.664775015366413,339.3976135253906,81.97208940164253,82.63027443216625,8143.08203125,0.3417325825532862,10.214474565566386,1553.3443603515625
7,13,5.3e-05,top_boundary,20,20,0.022946074977517127,0.07128785103559494,0.17082391679286957,1.0,1.0,1.0,-22.45470224991441,24.054743517190218,75.20791625976562,31.570617774128912,33.943614861369134,84.95096588134766,-0.33164326404221356,0.9886059739161283,4.559401035308838
7,13,5.3e-05,bottom_boundary,20,20,0.0,0.0,0.0,0.0,0.0,0.0,-0.05651875734329224,0.05651875734329224,1.1303751468658447,33.86234460473061,34.147631394863126,89.92608642578125,-0.13570499792695045,1.2728615619242192,3.283836603164673
7,13,5.3e-05,left_boundary,36,129,0.00820160132004983,0.029381797674836382,0.0677708089351654,0.5051602362913804,0.5165849752568951,1.0270638465881348,1.3709113673278124,1.6095359459656557,6.022413730621338,-1.7008642221028492,2.048592715011549,10.289198875427246,-0.08779361451319022,0.526182583136152,1.6775836944580078
7,13,5.3e-05,right_boundary,35,121,-0.15290679513875927,0.15290679513875927,0.22682887315750122,0.5080104908772878,0.5080104908772878,1.0,-36.89524892144952,36.89524892144952,79.76693725585938,109.6728851066148,109.6728851066148,405.3542175292969,-0.3726964459931555,2.41651058886662,16.98027229309082
7,13,5.3e-05,near_notch,166,315,-0.0413691032353013,0.04291235114293838,0.10239443182945251,0.5030839522200895,0.5030839522200895,0.9496508240699768,-33.17583736610555,36.212488319535574,339.3976135253906,392.53765117721,392.77506724495316,8143.08203125,0.5712136192927285,62.14383316342793,1553.3443603515625
13,0,1e-06,whole_domain,2786,5411,-0.0685315181965257,0.09575271272379877,0.3664360046386719,0.49906778113396033,0.5010888962215013,1.0805437564849854,-23.56202513438138,24.868297999676983,127.56982421875,59.43590929475875,60.695290594014736,759.7249755859375,0.49814589861370767,9.711312733779243,261.1595764160156
13,0,1e-06,top_boundary,20,20,0.012082623690366745,0.17192446663975716,0.3664360046386719,1.0,1.0,1.0,-50.92954291552305,53.43377689570188,110.3354263305664,55.901954650878906,61.77516393661499,110.35399627685547,0.7331383220851422,1.3264880336821079,2.2761054039001465
13,0,1e-06,bottom_boundary,20,20,0.0,0.0,0.0,0.0,0.0,0.0,-0.4087491035461426,0.4087491035461426,8.174982070922852,58.716195782460275,58.71946138497442,120.03665161132812,-1.5817370772361756,15.128935420513153,33.04493713378906
13,0,1e-06,left_boundary,36,129,0.02594718254921544,0.05266058516766255,0.17348681390285492,0.5186412382043071,0.5444344420813851,1.0805437564849854,2.308856171916795,2.7037649120514593,11.048901557922363,-6.126262895640188,6.454767032208773,28.856433868408203,0.27425376389377804,1.6647080229234326,6.995368003845215
13,0,1e-06,right_boundary,35,121,-0.22261841744184493,0.22261841744184493,0.3664360046386719,0.537673102744988,0.537673102744988,1.0,-66.31053511564397,66.31053511564397,93.09024810791016,96.8617505160245,96.8617505160245,143.45111083984375,-1.0260305227326953,1.2355486597896608,24.780303955078125
13,0,1e-06,near_notch,166,315,-0.11245351522902858,0.11245351522902858,0.1688193529844284,0.4869340035211609,0.4869340035211609,0.8001837134361267,-35.39015141373116,39.1126480743289,127.56982421875,108.19152080568057,108.82633238548324,759.7249755859375,2.633866340395004,36.53757110171848,261.1595764160156
13,1,5e-06,whole_domain,2786,5411,-0.07481535376796165,0.09743376355648534,0.301979660987854,0.5000813109628793,0.502358288985483,1.0834429264068604,-17.534128317534428,19.078958963694546,140.9091033935547,59.1390967444606,60.466878385904735,811.8001708984375,0.44876491974173843,9.584443533165555,266.71759033203125
13,1,5e-06,top_boundary,20,20,0.011514119058847427,0.1611985258758068,0.301979660987854,1.0,1.0,1.0,-43.40312023758888,46.295899361371994,111.34551239013672,54.208448910713194,60.76409976482391,111.39241027832031,0.7897781275212765,1.3646748386323453,3.0717384815216064
13,1,5e-06,bottom_boundary,20,20,0.0,0.0,0.0,0.0,0.0,0.0,-0.06249268054962158,0.06249268054962158,1.2498536109924316,59.75729802250862,60.29214498400688,124.72103881835938,-2.099267344176769,8.921135000884533,15.43896770477295
13,1,5e-06,left_boundary,36,129,0.012488553355473818,0.0538496370783024,0.15890778601169586,0.5182911653666653,0.5468784405772263,1.0834429264068604,2.398689899073784,2.65135515847987,11.473001480102539,-6.183309415586351,6.395409805815696,29.872589111328125,0.3350662538247515,1.389579172282256,4.0494384765625
13,1,5e-06,right_boundary,35,121,-0.17726294877273696,0.17726294877273696,0.301979660987854,0.5384597029004778,0.5384597029004778,1.0,-16.603474752962097,16.603474752962097,36.441558837890625,95.97741289375242,95.97741289375242,138.97535705566406,-0.6343520337885077,0.7508629058018204,9.402128219604492
13,1,5e-06,near_notch,166,315,-0.1310064982712628,0.1310064982712628,0.19550716876983643,0.48709271749459115,0.48709271749459115,0.8141244053840637,-33.23602508330156,39.22701899792467,140.9091033935547,111.15820240497825,111.99949879907663,811.8001708984375,2.3167146675170414,38.14848762012663,266.71759033203125
13,2,1e-05,whole_domain,2786,5411,-0.07580478760360537,0.09738427820242711,0.28683507442474365,0.5001658579980396,0.5025250473434135,1.0840492248535156,-16.635119328928344,18.189829554348815,145.49240112304688,59.14621544579383,60.5444870169729,863.6323852539062,0.43979123011341575,9.476449580077922,276.11016845703125
13,2,1e-05,top_boundary,20,20,0.010879462584853172,0.15782398097217082,0.28683507442474365,1.0,1.0,1.0,-41.44687423408031,44.31477693021297,112.55492401123047,53.735337698459624,60.359921991825104,112.579345703125,0.9256268477067351,1.301737287081778,2.3835268020629883
13,2,1e-05,bottom_boundary,20,20,0.0,0.0,0.0,0.0,0.0,0.0,-0.03074822723865509,0.03074822723865509,0.6149645447731018,59.63463307619095,60.31438814401626,125.4335708618164,-1.272438606619835,7.211368927359581,11.198478698730469
13,2,1e-05,left_boundary,36,129,0.009999053268175986,0.0534059282961405,0.15350638329982758,0.5180803492484201,0.5472316058326719,1.0840492248535156,2.342618809161029,2.6628416046326935,11.278210639953613,-6.339666327432722,6.499484086091551,29.555988311767578,0.338217299113902,1.4084034409633903,3.6298234462738037
13,2,1e-05,right_boundary,35,121,-0.16971406699823482,0.16971406699823482,0.28683507442474365,0.5390888080000877,0.5390888080000877,1.0,-8.976037973214773,8.976037973214773,19.02353286743164,95.69977481306091,95.69977481306091,138.2508544921875,-0.5781183292057889,0.7119093798408823,6.006504058837891
13,2,1e-05,near_notch,166,315,-0.13364493096224875,0.13364493096224875,0.19821248948574066,0.4867356339671526,0.4867356339671526,0.8187974691390991,-33.43814785644885,39.63623802916162,145.49240112304688,114.70414898007635,115.67994646865225,863.6323852539062,2.4658764680226644,38.530523494690186,276.11016845703125
13,3,1.5e-05,whole_domain,2786,5411,-0.07834403899592135,0.09858360018168141,0.29605376720428467,0.5002007595880514,0.5026732044186167,1.0840175151824951,-16.564244283578628,18.074169503956394,150.25701904296875,59.16975213364914,60.62267173111167,939.7147827148438,0.3862574209932963,9.372918319463112,294.8608703613281
13,3,1.5e-05,top_boundary,20,20,0.0071762755513191225,0.15674916356801988,0.29605376720428467,1.0,1.0,1.0,-41.80358252823353,44.73262559473515,111.72435760498047,53.31235729008913,60.06296476572752,111.75692749023438,0.889877299964428,1.1986230179667472,2.8124632835388184
13,3,1.5e-05,bottom_boundary,20,20,0.0,0.0,0.0,0.0,0.0,0.0,-0.023070678114891052,0.023070678114891052,0.46141356229782104,59.297975385189055,60.017497265338896,126.7088623046875,-1.2241564095020294,6.5861689150333405,10.331352233886719
13,3,1.5e-05,left_boundary,36,129,0.007204315463443183,0.05275924509624019,0.1480674147605896,0.5177815912498368,0.5476494340433015,1.0840175151824951,2.4274243373719817,2.6077123394618607,11.175958633422852,-6.356698915853288,6.505228615170995,29.542043685913086,0.3025063701378283,1.4098337463630262,3.8800315856933594
13,3,1.5e-05,right_boundary,35,121,-0.1722652378092919,0.1722652378092919,0.29605376720428467,0.5407025388308934,0.5407025388308934,1.0,-8.898544826290824,8.898544826290824,20.5992431640625,95.52520726731986,95.52520726731986,139.26812744140625,-0.5764695691668298,0.691115830555435,5.374566555023193
13,3,1.5e-05,near_notch,166,315,-0.136801799658282,0.136801799658282,0.20228725671768188,0.4866658443787012,0.4866658443787012,0.8244372606277466,-33.64189885132133,39.85398740034018,150.25701904296875,119.03814676926723,120.05152611408442,939.7147827148438,2.4863413576095823,38.70033366112482,294.8608703613281
13,4,2e-05,whole_domain,2786,5411,-0.08071445969944396,0.09965255486683659,0.3035685122013092,0.5001793019308084,0.5029193688768311,1.084113359451294,-16.604254627744975,18.04425466688425,152.8883056640625,59.41064377237563,60.92063111135407,1270.2138671875,0.38230651360940765,9.252756160903035,335.35662841796875
13,4,2e-05,top_boundary,20,20,0.0038188524544239045,0.15425526425242425,0.3035685122013092,1.0,1.0,1.0,-41.85599239692092,44.83121229037643,111.86486053466797,52.47732604444027,59.376846900582315,111.87544250488281,0.8992611989378929,1.173993383347988,2.8901660442352295
13,4,2e-05,bottom_boundary,20,20,0.0,0.0,0.0,0.0,0.0,0.0,-0.013289906084537506,0.013289906084537506,0.2657981216907501,58.405134689807895,59.33839703798294,128.44654846191406,-1.4013043463230133,6.0950119435787204,9.9984712600708
13,4,2e-05,left_boundary,36,129,0.004003862548011562,0.052035979274983726,0.1411248743534088,0.5170306725841429,0.548195418694781,1.084113359451294,2.425825311636278,2.665082636383153,11.221184730529785,-6.403658473380488,6.557580929343379,29.34849739074707,0.3029175617898157,1.4245146707046863,3.549001693725586
13,4,2e-05,right_boundary,35,121,-0.17555329727807215,0.17555329727807215,0.3035685122013092,0.5418267239417348,0.5418267239417348,1.0,-9.062825026590962,9.062825026590962,20.546878814697266,95.20312127988201,95.20312127988201,141.0839385986328,-0.5790787639696736,0.6990008797527345,5.1412177085876465
13,4,2e-05,near_notch,166,315,-0.13872424165258207,0.13872424165258207,0.20636141300201416,0.48760926786316444,0.48760926786316444,0.8358726501464844,-34.26775036548811,40.17276090497062,152.8883056640625,131.55198068511154,132.3079386562937,1270.2138671875,2.6399212511758954,39.596391274437075,335.35662841796875
13,5,2.5e-05,whole_domain,2786,5411,-0.07355945441630808,0.09299343472600313,0.3070129454135895,0.5000817786357391,0.5026480356233636,1.0703020095825195,-16.544926920110903,17.549554747160855,146.36776733398438,61.44754487810336,62.74381565270261,2852.188720703125,0.5449787263144541,9.122330428486148,565.4635009765625
13,5,2.5e-05,top_boundary,20,20,0.007492422685027122,0.14449455700814723,0.3070129454135895,1.0,1.0,1.0,-41.066011724248526,43.66726285405457,110.60362243652344,50.25318460464477,56.00439872741699,110.6364974975586,0.9081455349922181,1.2287318229675293,2.2585067749023438
13,5,2.5e-05,bottom_boundary,20,20,0.0,0.0,0.0,0.0,0.0,0.0,-0.014397916197776795,0.014397916197776795,0.2879583239555359,55.77797566056252,56.82290208935738,128.03375244140625,-1.0237030386924744,5.023220360279083,8.775968551635742
13,5,2.5e-05,left_boundary,36,129,0.005102082112797588,0.04933250576707198,0.12864050269126892,0.5128196131489757,0.5415911755990237,1.0703020095825195,2.027798203246076,2.3323847028289655,9.401327133178711,-5.48096704032532,5.659263536507307,24.761167526245117,0.22092060525287954,1.3100235203439876,3.2973403930664062
13,5,2.5e-05,right_boundary,35,121,-0.17160249746271541,0.17160249746271541,0.3070129454135895,0.5395597183278629,0.5395597183278629,1.0,-11.344368935616549,11.344368935616549,27.51804542541504,95.20532611184869,95.20532611184869,139.96690368652344,-0.526432547687499,0.7010404669548854,4.3248419761657715
13,5,2.5e-05,near_notch,166,315,-0.12224014967410679,0.12224014967410679,0.1885967254638672,0.49454428856990423,0.49454428856990423,0.8662048578262329,-37.71973507588818,41.43897121685838,146.36776733398438,179.69769719990472,180.16695908875693,2852.188720703125,5.417671763707721,48.646796765403145,565.4635009765625
13,6,3e-05,whole_domain,2786,5411,-0.06541704433722552,0.0858568331519317,0.3088407516479492,0.4994652722683803,0.5015234141537751,1.056287407875061,-16.990604255253093,17.831409400469614,201.0330352783203,64.38514938207413,65.42430632376696,4166.4091796875,0.9306842485145684,8.825059243864283,684.7122802734375
13,6,3e-05,top_boundary,20,20,0.011600598692893982,0.1331026114523411,0.3088407516479492,1.0,1.0,1.0,-40.037574911443514,42.43848793623037,107.8145980834961,47.691200667619704,52.34855558276176,107.82377624511719,0.978866907954216,1.1810079962015152,1.874695062637329
13,6,3e-05,bottom_boundary,20,20,0.0,0.0,0.0,0.0,0.0,0.0,-0.013157875835895538,0.013157875835895538,0.26315751671791077,52.67003977894783,53.5673351585865,126.55828094482422,-0.5599585592746734,3.9805598676204683,7.46709680557251
13,6,3e-05,left_boundary,36,129,0.008002462742701432,0.045440867933696914,0.11573434621095657,0.5101130226006111,0.5335919772171311,1.056287407875061,2.0271391414968627,2.314501162797083,9.041244506835938,-4.275464745877354,4.513224694202835,19.880374908447266,0.24616463609444078,1.1275825796201246,3.12896728515625
13,6,3e-05,right_boundary,35,121,-0.1687093073236091,0.1687093073236091,0.3088407516479492,0.5360134082181113,0.5360134082181113,1.0,-13.97859983503326,13.97859983503326,46.273277282714844,94.92569430012348,94.92569430012348,137.89247131347656,-0.4029694588716365,0.5691591570200014,3.4135842323303223
13,6,3e-05,near_notch,166,315,-0.10414947430232921,0.10414947430232921,0.16893133521080017,0.4992212959711092,0.4992212959711092,0.8900662660598755,-45.2727218995669,47.41243057522391,201.0330352783203,234.8894114030732,234.90026298004483,4166.4091796875,9.735634837074885,48.84981551397414,684.7122802734375
13,7,3.5e-05,whole_domain,2786,5411,-0.058247220233710685,0.07871811504834232,0.2939079999923706,0.49888639203551055,0.500576852480677,1.0457935333251953,-17.15136702337185,17.894863526949944,193.02313232421875,67.49252098138513,68.3956958056331,5787.28759765625,1.1871155074857296,8.579126332137639,836.0781860351562
13,7,3.5e-05,top_boundary,20,20,0.014882977306842803,0.11807223707437516,0.2939079999923706,1.0,1.0,1.0,-37.204719146899876,39.5183600069955,105.882080078125,44.77320214509964,48.51897140741348,105.87350463867188,0.6866631895303726,0.8255981594324112,1.4063166379928589
13,7,3.5e-05,bottom_boundary,20,20,0.0,0.0,0.0,0.0,0.0,0.0,-0.01632004976272583,0.01632004976272583,0.3264009952545166,48.88109509050846,49.65814355909824,123.94876098632812,0.05281267017126083,3.041774843633175,5.953040599822998
13,7,3.5e-05,left_boundary,36,129,0.008708847697966525,0.041128741682364814,0.1009257435798645,0.5080668830131698,0.5276118016982865,1.0457935333251953,1.9165368419349944,2.261144072665696,8.647927284240723,-3.5021786257740137,3.72383460252322,16.162546157836914,0.00492108284040939,0.899826141752938,2.6808276176452637
13,7,3.5e-05,right_boundary,35,121,-0.16540640869310924,0.16540640869310924,0.2939079999923706,0.5308581520404134,0.5308581520404134,1.0,-17.838517835317564,17.838517835317564,67.28968811035156,94.43503261597688,94.43503261597688,135.1721649169922,-0.3033516150860747,0.6570218023189829,2.2457222938537598
13,7,3.5e-05,near_notch,166,315,-0.08523610990171192,0.08530840207419375,0.16194231808185577,0.5021888453019671,0.5021888453019671,0.9093320369720459,-45.542684965214086,46.789903603588776,193.02313232421875,282.0981265635717,282.14728943431186,5787.28759765625,12.438483332073877,51.632585107712515,836.0781860351562
13,8,4e-05,whole_domain,2786,5411,-0.05472988732212854,0.07201718989509825,0.2642953097820282,0.49884318089295576,0.5002625147971983,1.0384864807128906,-17.688696202757928,18.426702087681118,253.98545837402344,70.80199644383458,71.6018433250441,6203.60986328125,1.2692156502878218,8.12328424831951,822.7294311523438
13,8,4e-05,top_boundary,20,20,0.016597599582746626,0.09955156068317592,0.2642953097820282,1.0,1.0,1.0,-32.90539834776755,34.968119219896835,101.31498718261719,41.15564371775836,44.33665756415576,101.44799041748047,0.6208945043385029,0.7051340050995349,1.4243199825286865
13,8,4e-05,bottom_boundary,20,20,0.0,0.0,0.0,0.0,0.0,0.0,-0.025137314200401308,0.025137314200401308,0.5027462840080261,44.908364379405974,45.54376455545425,119.55503845214844,0.21515090465545655,2.3617185056209564,5.4650750160217285
13,8,4e-05,left_boundary,36,129,0.007080207439584128,0.03439580792413229,0.08495478332042694,0.5069130948977545,0.5232443453407742,1.0384864807128906,1.7450596861281367,2.131476719697663,7.758810997009277,-2.7304012432059115,3.0068743110222873,13.714027404785156,0.23309404304785322,1.0025063212527785,3.1491146087646484
13,8,4e-05,right_boundary,35,121,-0.16663429658593876,0.16663429658593876,0.2642953097820282,0.5250569994960512,0.5250569994960512,1.0,-22.13787787352219,22.13787787352219,86.3009033203125,94.14463730488927,94.14463730488927,131.63967895507812,-0.1826934898195188,0.6754310214815061,2.134139060974121
13,8,4e-05,near_notch,166,315,-0.07083222604933874,0.0708998865502289,0.1444038450717926,0.5029151152864278,0.5029151152864278,0.9237617254257202,-42.43316142107286,43.46620244031388,253.98545837402344,319.5964866783884,319.6545126617901,6203.60986328125,8.877188522096665,51.76625505477663,822.7294311523438
13,9,4.5e-05,whole_domain,2786,5411,-0.0474829165399608,0.06508600699791904,0.21302460134029388,0.4992546313143939,0.5003394747560086,1.0323505401611328,-17.766907783444815,18.53647728674785,216.44032287597656,75.05842203058153,75.72764664947663,6656.404296875,1.5460112095044383,8.39476766071992,857.46337890625
13,9,4.5e-05,top_boundary,20,20,0.02558248919667676,0.08257534709991887,0.19805744290351868,1.0,1.0,1.0,-25.928628376685083,27.76179771181196,81.08053588867188,36.905332907661794,39.735747519508,95.18760681152344,0.5208282507956028,0.7417053766548634,1.8469901084899902
13,9,4.5e-05,bottom_boundary,20,20,0.0,0.0,0.0,0.0,0.0,0.0,-0.09226967692375183,0.09226967692375183,1.8453935384750366,40.0153614282608,40.43661569356918,106.3350601196289,0.0257528118789196,1.5879491321742534,4.512434482574463
13,9,4.5e-05,left_boundary,36,129,0.00840457439254452,0.031937360521017887,0.0774279460310936,0.5062879650180953,0.5194377639175703,1.0323505401611328,1.5123190760843515,1.8495980714296185,6.994415283203125,-1.9741486280997709,2.3683668006601377,11.990503311157227,0.08014203134433244,0.7715466290481331,2.3467483520507812
13,9,4.5e-05,right_boundary,35,121,-0.1574187668306487,0.1574187668306487,0.21302460134029388,0.5185368015297822,0.5185368015297822,1.0,-29.11846899592187,29.11846899592187,79.64546203613281,98.13955221885492,98.13955221885492,117.2999038696289,-0.25006884755181874,0.786473580382087,2.3741493225097656
13,9,4.5e-05,near_notch,166,315,-0.0557873561793899,0.05628308520479835,0.11812583357095718,0.5018784861832138,0.5018784861832138,0.935501217842102,-39.33741740418805,41.57570645662527,216.44032287597656,350.91717706303746,351.00740100750846,6656.404296875,6.262076992458767,53.31518376668294,857.46337890625
13,10,4.7e-05,whole_domain,2786,5411,-0.04838288406021992,0.06256419062396625,0.21779274940490723,0.49968906286212184,0.5006772695497731,1.031414270401001,-17.902137750808027,18.624856041009473,201.93418884277344,76.70170943946763,77.33200169276971,6894.21240234375,1.4296578870326517,8.797471158110765,923.086669921875
13,10,4.7e-05,top_boundary,20,20,0.02057635523378849,0.07413381896913052,0.18293654918670654,1.0,1.0,1.0,-23.57334971425589,25.33573280868586,73.0257339477539,35.35768549572676,38.04728620182723,91.67803192138672,0.6055584849789739,0.6862086379900575,2.4141907691955566
13,10,4.7e-05,bottom_boundary,20,20,0.0,0.0,0.0,0.0,0.0,0.0,-0.07720300555229187,0.07720300555229187,1.5440601110458374,38.30765848755836,38.603119218349455,101.85811614990234,0.2096369918435812,1.6225560132414103,3.950261116027832
13,10,4.7e-05,left_boundary,36,129,0.005167578628364329,0.027318052174652822,0.06771581619977951,0.5063246907666326,0.5185570893809199,1.031414270401001,1.6848835444958634,1.9072723837439405,6.682805061340332,-1.9659453404042149,2.3714750952036807,11.492156982421875,0.17605177422826604,0.6202296115631281,2.4092912673950195
13,10,4.7e-05,right_boundary,35,121,-0.1587507138427879,0.1587507138427879,0.21779274940490723,0.5183792873152665,0.5183792873152665,1.0,-33.472570846888644,33.472570846888644,72.89620208740234,100.94517031582919,100.94517031582919,115.6668701171875,-0.2906564080025539,0.9085720146983123,3.4423789978027344
13,10,4.7e-05,near_notch,166,315,-0.05370316581158192,0.05385615492971749,0.11368595063686371,0.5024025450314743,0.5024025450314743,0.9388068914413452,-37.25133169917242,38.59724562253862,201.93418884277344,360.2645877650806,360.3681208739205,6894.21240234375,5.5372085692390565,55.831942446269686,923.086669921875
13,11,4.9e-05,whole_domain,2786,5411,-0.0476635389593903,0.060221215907817545,0.21833159029483795,0.5003024211087005,0.5012770858071687,1.02932870388031,-17.609820299987323,18.287686919574597,172.1532440185547,78.1960531021535,78.81258245794254,7191.15576171875,1.3278497348519867,9.075209988784765,1014.7586059570312
13,11,4.9e-05,top_boundary,20,20,0.017202629148960112,0.06837002336978912,0.17739956080913544,1.0,1.0,1.0,-22.44090893631801,24.19443710213527,72.94964599609375,33.97950375676155,36.54764134287834,88.29105377197266,0.4180454321147408,0.574316385394195,1.2916089296340942
13,11,4.9e-05,bottom_boundary,20,20,0.0,0.0,0.0,0.0,0.0,0.0,-0.055627846717834474,0.055627846717834474,1.1125569343566895,36.74181085675955,37.014989520609376,97.7212142944336,-0.04030362255871296,1.3678737472742797,3.682474136352539
13,11,4.9e-05,left_boundary,36,129,0.003575001778598461,0.025215962759426072,0.06121744215488434,0.505645570345223,0.5176996086827583,1.02932870388031,1.5703504811755793,1.8321443818899434,6.402351379394531,-1.8660602718302908,2.2246649150642774,11.075029373168945,0.301682008329288,0.6530595417170562,2.1248741149902344
13,11,4.9e-05,right_boundary,35,121,-0.15675936668579069,0.15675936668579069,0.21833159029483795,0.5188822868679251,0.5188822868679251,1.0,-37.669930735895456,37.669930735895456,73.2423095703125,104.9467057157154,104.9467057157154,153.6381072998047,-0.19336048926203703,1.180250553060169,6.302734375
13,11,4.9e-05,near_notch,166,315,-0.05163446992038923,0.05172817987100227,0.11022818088531494,0.50415756456913,0.50415756456913,0.9424744844436646,-35.85161435202001,37.06223267813524,172.1532440185547,367.2395174720694,367.45290282522404,7191.15576171875,5.17658510056753,58.38420237283858,1014.7586059570312
13,12,5.1e-05,whole_domain,2786,5411,-0.04750719395911241,0.05658716688118234,0.2139970064163208,0.5004258980396061,0.5012967537802108,1.0290734767913818,-16.576393067243757,17.283180203419622,224.2985076904297,79.6955909686912,80.31550905198777,7811.06103515625,1.2985509956655124,9.678418378260686,1307.625
13,12,5.1e-05,top_boundary,20,20,0.012037569005042315,0.060208978969603776,0.1651790738105774,1.0,1.0,1.0,-20.378092063590884,22.034174839779734,67.61163330078125,32.5088393330574,35.020101583004,84.83204650878906,0.13984861656790598,0.417230837943498,1.2033143043518066
13,12,5.1e-05,bottom_boundary,20,20,0.0,0.0,0.0,0.0,0.0,0.0,-0.07860313057899475,0.07860313057899475,1.572062611579895,35.257058021426204,35.491131046414374,93.91893005371094,0.06562158465385437,1.1376987189054488,3.5981028079986572
13,12,5.1e-05,left_boundary,36,129,1.1457334039732814e-05,0.021315329265133996,0.05164375901222229,0.5060118844137631,0.5168299002753984,1.0290734767913818,1.2784759185688441,1.7949088498256927,6.178597450256348,-1.8551620893873448,2.196315805492706,10.646561622619629,0.1480062904283982,0.7742953827214796,2.156240463256836
13,12,5.1e-05,right_boundary,35,121,-0.15005406613594718,0.15005406613594718,0.2139970064163208,0.5190704827862126,0.5190704827862126,1.0,-37.632563640263456,37.632563640263456,69.912109375,108.6945250960421,108.6945250960421,236.52908325195312,-0.2293666537142982,1.7758365332587691,16.172710418701172
13,12,5.1e-05,near_notch,166,315,-0.05015884467445494,0.05015884467445494,0.1012379378080368,0.5026695627988462,0.5026695627988462,0.9452815055847168,-32.22413191566436,33.67465195430605,224.2985076904297,377.9711393049785,378.1227382748846,7811.06103515625,2.39107418968564,63.03459288581969,1307.625
13,13,5.3e-05,whole_domain,2786,5411,-0.04735916411828189,0.05473040622249651,0.21554034948349,0.5008034863891756,0.5015619328518414,1.0268772840499878,-16.16628962878031,16.872109592927824,208.03419494628906,81.0714396406983,81.67831514095083,8219.904296875,1.1080823979777497,10.078481588539509,1478.56591796875
13,13,5.3e-05,top_boundary,20,20,0.007311671623028815,0.05603151952382177,0.16297177970409393,1.0,1.0,1.0,-19.573089479282498,21.144717829301953,66.31573486328125,31.286774403601886,33.69977816864848,81.62620544433594,0.07224311903119088,0.47362845838069917,1.879068374633789
13,13,5.3e-05,bottom_boundary,20,20,0.0,0.0,0.0,0.0,0.0,0.0,-0.07126644849777222,0.07126644849777222,1.4253289699554443,33.9229126803577,34.11225134208799,90.37227630615234,-0.29884340353310107,0.9938073802739382,3.8187921047210693
13,13,5.3e-05,left_boundary,36,129,-0.0016484394105241841,0.019088886269956775,0.04529176652431488,0.5058107808646228,0.5157285165041685,1.0268772840499878,1.1994183287602063,1.6607616621163463,5.896390438079834,-1.4585388934658479,1.897314569226993,10.179936408996582,0.05572226528049439,0.6842793577401213,2.117434024810791
13,13,5.3e-05,right_boundary,35,121,-0.147447065929217,0.147447065929217,0.21554034948349,0.5195497683116368,0.5195497683116368,1.0,-37.81546854184679,37.81546854184679,66.20736694335938,112.3338541708702,112.3338541708702,409.23175048828125,-0.5017034367096326,3.2923225262933524,37.023860931396484
13,13,5.3e-05,near_notch,166,315,-0.049593266043587624,0.049593266043587624,0.09921230375766754,0.5044252848679043,0.5044252848679043,0.9501622915267944,-32.08070067370695,33.13140168062278,208.03419494628906,385.7306918115843,385.91499187662487,8219.904296875,2.3299672353835335,65.40733090658037,1478.56591796875
42,0,1e-06,whole_domain,2786,5411,-0.06857049618526649,0.09589032460826666,0.3690478801727295,0.4991695782272618,0.5011107589079782,1.0810869932174683,-23.961615444337376,25.315979862494228,120.96175384521484,59.44863051284483,60.67041840756806,763.8292236328125,0.5358822226876848,9.72170291726194,257.11676025390625
42,0,1e-06,top_boundary,20,20,0.012374794483184815,0.1722369074821472,0.3690478801727295,1.0,1.0,1.0,-51.262343540415166,53.76959880329669,110.04414367675781,55.817190647125244,61.66806092262268,110.0486068725586,0.6324558109045029,1.339752170443535,2.0889618396759033
42,0,1e-06,bottom_boundary,20,20,0.0,0.0,0.0,0.0,0.0,0.0,-0.42955632209777833,0.42955632209777833,8.591126441955566,58.64389934539795,58.64389934539795,119.47899627685547,-1.7062236845493317,15.174296623468399,33.29867935180664
42,0,1e-06,left_boundary,36,129,0.026103183678868744,0.05276416793155173,0.17430591583251953,0.5192249544327043,0.5444354325170733,1.0810869932174683,2.2964838884171646,2.6906306674061415,11.129180908203125,-6.024675531868729,6.346147156075047,29.158016204833984,0.21331331711406856,1.4322394474532254,7.145885467529297
42,0,1e-06,right_boundary,35,121,-0.22689193274293626,0.22689193274293626,0.3690478801727295,0.5379329849566732,0.5379329849566732,1.0,-73.28487573182288,73.28487573182288,95.24327850341797,96.83478331762898,96.83478331762898,143.27215576171875,-1.2306775672376649,1.4691197596305658,24.85222816467285
42,0,1e-06,near_notch,166,315,-0.11259054047538035,0.11259054047538035,0.17138813436031342,0.48720181930855094,0.48720181930855094,0.8011708855628967,-33.54038993297884,37.58300729377698,116.57518768310547,108.80944334911922,109.4006048268742,763.8292236328125,2.6820943800229875,36.4837615026368,257.11676025390625
42,1,5e-06,whole_domain,2786,5411,-0.07494927686288652,0.09712334644148836,0.28779852390289307,0.5000446253369853,0.5023868957162045,1.0842013359069824,-17.113401054055235,18.721067148976992,116.80646514892578,59.121161530512836,60.505657678254614,819.0746459960938,0.46794545247316405,9.540763434002699,265.8768005371094
42,1,5e-06,top_boundary,20,20,0.01259751319885254,0.15951666831970215,0.28779852390289307,1.0,1.0,1.0,-41.97290176153183,44.853933441638944,110.98513793945312,54.17091243267059,60.67409064769745,110.99636840820312,0.973398032784462,1.3952057838439942,2.4412178993225098
42,1,5e-06,bottom_boundary,20,20,0.0,0.0,0.0,0.0,0.0,0.0,-0.0557647168636322,0.0557647168636322,1.115294337272644,59.675662183761595,60.22804069519043,124.5002670288086,-2.010002353787422,8.800686141848564,15.196236610412598
42,1,5e-06,left_boundary,36,129,0.011315220747039549,0.054017030207129814,0.1580899953842163,0.5184135955447952,0.547459557135072,1.0842013359069824,2.2720743046221576,2.611747788727399,11.233271598815918,-6.243781304954327,6.369256870489019,29.695133209228516,0.22769996546959692,1.3333173518957093,4.177460670471191
42,1,5e-06,right_boundary,35,121,-0.17404075845011643,0.17404075845011643,0.28779852390289307,0.5378785597426551,0.5378785597426551,1.0,-19.571193752210004,19.571193752210004,34.797481536865234,95.98548838717879,95.98548838717879,138.6405029296875,-0.6315534548325972,0.7936918380831884,9.244728088378906
42,1,5e-06,near_notch,166,315,-0.13228148140058102,0.13228148140058102,0.19839444756507874,0.4868565622762025,0.4868565622762025,0.81540846824646,-29.801740038631454,36.84364532142405,112.57418823242188,112.1367530966562,113.1392468410825,819.0746459960938,2.123057341954065,38.207985294432866,265.8768005371094
42,2,1e-05,whole_domain,2786,5411,-0.07671128223269089,0.09777064281061082,0.2867007255554199,0.5002745991877388,0.502679121938204,1.085396647453308,-16.543044578903235,18.188071936274127,120.84441375732422,59.11265456194766,60.53738028362841,844.420166015625,0.39801964027463915,9.44583620384922,253.85507202148438
42,2,1e-05,top_boundary,20,20,0.010199240269139409,0.15770998927764596,0.2867007255554199,1.0,1.0,1.0,-41.3766891002655,44.28243952989578,110.58123016357422,53.7484240680933,60.385776695609096,110.75128173828125,0.8704447623342275,1.138806751742959,2.4929726123809814
42,2,1e-05,bottom_boundary,20,20,0.0,0.0,0.0,0.0,0.0,0.0,-0.03124192953109741,0.03124192953109741,0.6248385906219482,59.62107490301132,60.31663264036179,125.50250244140625,-1.2493098605424167,7.108527599647641,11.200667381286621
42,2,1e-05,left_boundary,36,129,0.008741411001311563,0.05357783216216679,0.15283405780792236,0.5184684205386374,0.5480254681573974,1.085396647453308,2.4179239397536416,2.696345163899106,11.295047760009766,-6.4145351004923965,6.54624301951754,29.678890228271484,0.33056135695109995,1.2444015362466028,3.642688751220703
42,2,1e-05,right_boundary,35,121,-0.17084321786782572,0.17084321786782572,0.2867007255554199,0.5393276146480015,0.5393276146480015,1.0,-13.762821368934695,13.762821368934695,25.446819305419922,95.77895399361603,95.77895399361603,138.20550537109375,-0.5619889369680862,0.7308701247223153,6.153470039367676
42,2,1e-05,near_notch,166,315,-0.13564696783446764,0.13564696783446764,0.20398765802383423,0.48662828761770066,0.48662828761770066,0.8191385269165039,-30.32215038098003,38.10685379114852,116.94607543945312,114.25566376542288,115.18008151319292,844.420166015625,1.7730350331654625,38.067701733679996,253.85507202148438
42,3,1.5e-05,whole_domain,2786,5411,-0.07869114796978643,0.09853292780367329,0.28820323944091797,0.5003349057963932,0.502827746778543,1.0845260620117188,-16.357353902508997,17.955343479584823,129.0442657470703,59.17023017736852,60.6181261490452,927.26513671875,0.38470034492261485,9.279446864003914,262.2425231933594
42,3,1.5e-05,top_boundary,20,20,0.007056030631065369,0.15548178255558015,0.28820323944091797,1.0,1.0,1.0,-40.95539077669382,43.86726054102182,110.3465805053711,53.25297195315361,59.93573425412178,110.34806060791016,1.009643742069602,1.271359333023429,2.7702102661132812
42,3,1.5e-05,bottom_boundary,20,20,0.0,0.0,0.0,0.0,0.0,0.0,-0.01946219652891159,0.01946219652891159,0.3892439305782318,59.28488644361496,60.009303104877475,126.74042510986328,-1.2026006184518336,6.589633556455373,10.2307767868042
42,3,1.5e-05,left_boundary,36,129,0.006525792939808323,0.05243491317216669,0.14691674709320068,0.5178670037744774,0.5478417592950993,1.0845260620117188,2.3432148488368405,2.6358403574328784,11.230321884155273,-6.394619988754045,6.576765960876563,29.542043685913086,0.32912669070931366,1.2337072875148567,3.6185646057128906
42,3,1.5e-05,right_boundary,35,121,-0.17074388574276653,0.17074388574276653,0.28820323944091797,0.5404129967093467,0.5404129967093467,1.0,-10.294499292353953,10.294499292353953,20.516231536865234,95.4432696507982,95.4432696507982,139.1110382080078,-0.5033723795709532,0.6302301765473421,5.406939506530762
42,3,1.5e-05,near_notch,166,315,-0.1380016648895051,0.1380016648895051,0.20663011074066162,0.486862637371902,0.486862637371902,0.8254956603050232,-31.558599134711994,39.32990424240392,129.0442657470703,118.99254288493641,119.74335976394396,927.26513671875,1.8695729100514973,37.931221945702084,262.2425231933594
42,4,2e-05,whole_domain,2786,5411,-0.08139254548451753,0.09998187281901881,0.30219143629074097,0.5002934556323296,0.5030222557163269,1.0831663608551025,-16.60865756827924,18.102115332602345,135.27687072753906,59.347873550255905,60.84596946025886,1248.8074951171875,0.3409054227182967,9.17135504104997,311.22906494140625
42,4,2e-05,top_boundary,20,20,0.002686762809753418,0.15379761457443236,0.30219143629074097,1.0,1.0,1.0,-41.619394157640635,44.56481106299907,110.52935028076172,52.47410941720009,59.24092826247215,110.5456771850586,0.9805806908756495,1.2321200635284186,3.3417088985443115
42,4,2e-05,bottom_boundary,20,20,0.0,0.0,0.0,0.0,0.0,0.0,-0.013156068325042725,0.013156068325042725,0.2631213665008545,58.53344330787659,59.42718017101288,128.53939819335938,-1.4012390419840812,6.116994304955005,9.952128410339355
42,4,2e-05,left_boundary,36,129,0.0037452246631599134,0.05155684507917613,0.13991820812225342,0.5167200198047794,0.5479016207714772,1.0831663608551025,2.3153002809899204,2.6201169338950874,11.09533405303955,-6.448184742576934,6.526570904313211,29.117713928222656,0.3225956822550574,1.1739836487659188,3.522970199584961
42,4,2e-05,right_boundary,35,121,-0.17586493981736048,0.17586493981736048,0.30219143629074097,0.5422767204897744,0.5422767204897744,1.0,-10.927609931338917,10.927609931338917,21.13971710205078,95.13385507883119,95.13385507883119,141.18194580078125,-0.5039193709034565,0.6420742480222844,5.099306106567383
42,4,2e-05,near_notch,166,315,-0.14026852398661963,0.14026852398661963,0.20864339172840118,0.487067636147321,0.487067636147321,0.8361304402351379,-33.39088114701093,40.2271047021898,135.27687072753906,129.92718632946176,130.62561270742427,1248.8074951171875,2.275564038185846,38.922954175964236,311.22906494140625
42,5,2.5e-05,whole_domain,2786,5411,-0.07454554334960213,0.09350637401346103,0.3009992837905884,0.5001097677949946,0.502698882784616,1.0708825588226318,-16.45507097908271,17.54740147822673,128.96218872070312,61.37301229100366,62.63392393023338,2796.732666015625,0.377645356902473,9.015746959655337,412.45294189453125
42,5,2.5e-05,top_boundary,20,20,0.0052752286195755,0.14417831003665924,0.3009992837905884,1.0,1.0,1.0,-40.46934368005022,43.17440511872992,109.50410461425781,50.08994807600975,56.026291471719745,109.51680755615234,0.7797947328537702,1.0832724642008542,3.2337119579315186
42,5,2.5e-05,bottom_boundary,20,20,0.0,0.0,0.0,0.0,0.0,0.0,-0.01358737051486969,0.01358737051486969,0.2717474102973938,55.87976204380393,56.960608325153586,127.56879425048828,-1.0370002865791321,4.990169560909271,8.521703720092773
42,5,2.5e-05,left_boundary,36,129,0.004735579516919743,0.04905830770924998,0.12859129905700684,0.5131829820262889,0.5419644406582746,1.0708825588226318,1.990452097201821,2.218417920713681,9.598915100097656,-5.340898620080232,5.482122690626239,25.19515037536621,0.15691980095796806,1.1504936440046443,2.937694549560547
42,5,2.5e-05,right_boundary,35,121,-0.1707588329911232,0.1707588329911232,0.3009992837905884,0.5404009452887943,0.5404009452887943,1.0,-12.285132111104067,12.285132111104067,23.101497650146484,95.21434683050991,95.21434683050991,139.34439086914062,-0.463662953416178,0.6141828170492629,4.05727481842041
42,5,2.5e-05,near_notch,166,315,-0.12453450993017619,0.12453450993017619,0.18859724700450897,0.49192510980619003,0.49192510980619003,0.8660317063331604,-37.5215569462095,41.44981171081937,128.96218872070312,177.2479773204478,177.61531582909916,2796.732666015625,2.7139398801894417,47.15177844668192,412.45294189453125
42,6,3e-05,whole_domain,2786,5411,-0.06735989359178927,0.08539048560875336,0.30256760120391846,0.4991866526948067,0.5012534782614717,1.0561519861221313,-16.5130794428701,17.32740304465033,212.6102752685547,64.55661164947446,65.62126731616394,4170.26708984375,0.3180500456584489,8.787600175466032,615.05224609375
42,6,3e-05,top_boundary,20,20,0.0067718859761953356,0.12979317270219326,0.30256760120391846,1.0,1.0,1.0,-38.68105724174529,41.40748940538615,108.10953521728516,47.81683402657509,52.424881213903426,108.13794708251953,0.8347443029284477,1.0779295034706593,1.9532617330551147
42,6,3e-05,bottom_boundary,20,20,0.0,0.0,0.0,0.0,0.0,0.0,-0.01597858816385269,0.01597858816385269,0.31957176327705383,52.60306095927954,53.52571081966162,125.82052612304688,-0.4240144580602646,3.924839583039284,7.11700963973999
42,6,3e-05,left_boundary,36,129,0.00452655965556106,0.04315021962247556,0.10832595825195312,0.5099522581117021,0.5337690336422788,1.0561519861221313,1.9533781091314415,2.2172049947314023,9.374241828918457,-4.24940064907897,4.389736931110451,20.093536376953125,0.17342157604158387,1.0427914137064025,3.0894384384155273
42,6,3e-05,right_boundary,35,121,-0.16709460091910192,0.16709460091910192,0.30256760120391846,0.5363384695989745,0.5363384695989745,1.0,-13.559673524099933,13.559673524099933,37.03172302246094,94.98508075052057,94.98508075052057,137.10064697265625,-0.41383634322930957,0.5931497664491007,3.2664146423339844
42,6,3e-05,near_notch,166,315,-0.10553153787728355,0.10553153787728355,0.16830967366695404,0.4947236016482474,0.4947236016482474,0.8926957845687866,-44.93436225766227,46.086669021750254,212.6102752685547,237.8232032658562,237.97663167355552,4170.26708984375,0.40644183083186075,48.38359345330132,615.05224609375
42,7,3.5e-05,whole_domain,2786,5411,-0.0629004589214466,0.07889852998972789,0.2954362630844116,0.49805967203669527,0.4998325380836065,1.0458288192749023,-16.48562712593877,17.3857330668903,287.3035583496094,68.35244165168685,69.27364643591736,5601.14599609375,0.15560167475865655,8.58472951708423,1031.409912109375
42,7,3.5e-05,top_boundary,20,20,0.006101837754249573,0.11166230738162994,0.2954362630844116,1.0,1.0,1.0,-36.233695200830695,38.68002668991685,105.63115692138672,44.873644986748694,48.69665759503842,105.66605377197266,0.3440185349434614,1.0526460628956555,3.197660446166992
42,7,3.5e-05,bottom_boundary,20,20,0.0,0.0,0.0,0.0,0.0,0.0,-0.015282031893730164,0.015282031893730164,0.30564063787460327,48.790996215492484,49.63351685777307,123.093017578125,-0.03963499739766121,2.9024455241858957,5.915629863739014
42,7,3.5e-05,left_boundary,36,129,0.002479894529743534,0.037445870347760826,0.08937263488769531,0.5076299908881386,0.5281942152521677,1.0458288192749023,1.8217242071044075,2.157800263530293,8.678873062133789,-3.511031825683809,3.6630028370414074,16.81597328186035,0.0856226922929749,0.8685137218283129,3.241025924682617
42,7,3.5e-05,right_boundary,35,121,-0.1650389281500663,0.1650389281500663,0.2954362630844116,0.5308490719114031,0.5308490719114031,1.0,-14.098668710505667,14.098668710505667,59.44987869262695,94.509021223084,94.509021223084,134.38796997070312,-0.33686399459838867,0.5935795484495557,2.290663719177246
42,7,3.5e-05,near_notch,166,315,-0.09167990429573748,0.09167990429573748,0.16396288573741913,0.497671953840069,0.497671953840069,0.9106350541114807,-45.393144194474296,47.61770015425152,287.3035583496094,291.1048004388336,291.1986794589531,5601.14599609375,-0.679190438891214,52.77889409140935,1031.409912109375
42,8,4e-05,whole_domain,2786,5411,-0.0585251646818639,0.07355930100406066,0.2706560492515564,0.49705808609424623,0.4984967724057244,1.0384018421173096,-17.040157626048572,17.872564660641682,374.65911865234375,72.47082464107467,73.22082347120528,6438.4443359375,0.16507035905897693,8.168122409583873,1123.33740234375
42,8,4e-05,top_boundary,20,20,0.00976929347962141,0.09625641983002424,0.2706560492515564,1.0,1.0,1.0,-32.8123859681189,35.00304844751954,102.98438262939453,41.2489988476038,44.54713405072689,103.00672912597656,0.04975317735224962,0.73572219889611,2.474205255508423
42,8,4e-05,bottom_boundary,20,20,0.0,0.0,0.0,0.0,0.0,0.0,-0.024083353579044342,0.024083353579044342,0.48166707158088684,44.570282858610156,45.226341766119006,117.09274291992188,0.034796479344367984,2.121988108754158,5.404151916503906
42,8,4e-05,left_boundary,36,129,0.0019775586066922792,0.0338354380574957,0.07771420478820801,0.5063037943651175,0.5237968956288468,1.0384018421173096,1.653584748004787,2.0894090112392583,7.948468208312988,-2.7897313896642433,3.0484501294513744,14.317651748657227,0.07237357409425484,0.6828257769577263,1.9473457336425781
42,8,4e-05,right_boundary,35,121,-0.1659693226750408,0.1659693226750408,0.2706560492515564,0.5234037754791123,0.5234037754791123,1.0,-18.21655748698337,18.21655748698337,84.59851837158203,94.60946012134394,94.60946012134394,128.98851013183594,-0.2372999713440572,0.6368077234788374,2.0675933361053467
42,8,4e-05,near_notch,166,315,-0.07769615765442196,0.07769615765442196,0.14923448860645294,0.49985122487667094,0.49985122487667094,0.9248906373977661,-43.78473764563363,46.56977957581717,374.65911865234375,329.8466441071326,329.8941225127672,6438.4443359375,-0.7214613051641555,54.253700292678104,1123.33740234375
42,9,4.5e-05,whole_domain,2786,5411,-0.05206883167722252,0.06736988645931988,0.22548943758010864,0.4960437470763516,0.49718868651419745,1.0333391427993774,-17.669614795140504,18.529426413723165,371.4594421386719,76.69769528944971,77.41808460523599,7441.25732421875,0.06199725255052757,9.128583875695435,1427.9541015625
42,9,4.5e-05,top_boundary,20,20,0.01869840994477272,0.0811356745660305,0.21105967462062836,1.0,1.0,1.0,-26.551489278301595,28.5220165271312,84.57569122314453,37.293723629415034,40.06164941936731,96.67927551269531,0.6555707182269543,0.745210215030238,2.33841609954834
42,9,4.5e-05,bottom_boundary,20,20,0.0,0.0,0.0,0.0,0.0,0.0,-0.05374048948287964,0.05374048948287964,1.0748097896575928,39.76951500177383,40.253971540927886,104.52007293701172,-0.09672736488282681,1.3972804326564074,4.127811431884766
42,9,4.5e-05,left_boundary,36,129,0.003470318041056291,0.03148517585456526,0.07106685638427734,0.5059660295179734,0.5202341855037957,1.0333391427993774,1.4580154521796895,1.8166576535161223,7.189513206481934,-2.30663012290128,2.507288851695814,12.45329761505127,0.003996639288673105,0.7050920854243197,3.3429479598999023
42,9,4.5e-05,right_boundary,35,121,-0.1613923592625984,0.1613923592625984,0.22548943758010864,0.5149633733289583,0.5149633733289583,1.0,-26.39967172993116,26.39967172993116,81.16239166259766,98.08437126727144,98.08437126727144,114.71007537841797,-0.16562966152656178,0.6636359699008879,2.4240922927856445
42,9,4.5e-05,near_notch,166,315,-0.061870840989023096,0.06201915417495254,0.13138437271118164,0.49898074549364757,0.49898074549364757,0.9384168386459351,-41.64420552433483,45.291650042552796,371.4594421386719,361.2307445578632,361.4877032843374,7441.25732421875,-4.9036318673027885,63.22450867001972,1427.9541015625
42,10,4.7e-05,whole_domain,2786,5411,-0.05182940912691435,0.06543103415732712,0.226173534989357,0.49625016714488285,0.49736736815901056,1.0297327041625977,-17.835476083161808,18.70279793650771,343.0523681640625,78.34844762228933,78.99785912873296,7825.35400390625,-0.2163913102265956,9.603506181236943,1593.2098388671875
42,10,4.7e-05,top_boundary,20,20,0.015680390503257514,0.07399928560480476,0.19702023267745972,1.0,1.0,1.0,-24.520668356120588,26.420430071651936,78.51315307617188,35.57805545926094,38.3078975379467,93.19084930419922,0.3084271166473627,0.8946342829614877,2.884486436843872
42,10,4.7e-05,bottom_boundary,20,20,0.0,0.0,0.0,0.0,0.0,0.0,-0.06397461891174316,0.06397461891174316,1.2794923782348633,38.07490531504154,38.56847604811192,100.12701416015625,0.10027802810072899,1.3751621954143047,3.600127696990967
42,10,4.7e-05,left_boundary,36,129,0.002162978819493825,0.02855479703996227,0.06365740299224854,0.5050468671446046,0.5188583107665181,1.0297327041625977,1.4053379016632372,1.7570425379487087,6.89339017868042,-1.9375070894729027,2.2787007926999365,11.890742301940918,-0.05150255861208421,0.5723213613495346,2.0668845176696777
42,10,4.7e-05,right_boundary,35,121,-0.16161375691049865,0.16161375691049865,0.226173534989357,0.5135365581938198,0.5135365581938198,1.0,-30.922538867666702,30.922538867666702,80.52869415283203,100.75444724343039,100.75444724343039,113.1309814453125,-0.18746000971675905,0.8584750220795309,3.5688748359680176
42,10,4.7e-05,near_notch,166,315,-0.05860606804353336,0.058710553851125884,0.12501975893974304,0.5000286264322609,0.5000286264322609,0.9438121318817139,-40.052018810926924,43.41202167225263,343.0523681640625,371.5630037126087,371.6984961592962,7825.35400390625,-6.318858467586457,67.64644625527518,1593.2098388671875
42,11,4.9e-05,whole_domain,2786,5411,-0.04892433227414174,0.06286899081244576,0.22472400963306427,0.4957306866189567,0.49670051836737333,1.0282907485961914,-17.861687864593033,18.742133669940525,345.4656066894531,80.03807871727331,80.62499203954906,8132.4775390625,-0.2775774524882615,10.173229384775624,1686.822998046875
42,11,4.9e-05,top_boundary,20,20,0.016113516688346863,0.07241509854793549,0.18895894289016724,1.0,1.0,1.0,-23.70353856533766,25.48599266856909,76.78012084960938,34.12251860350371,36.709501679241654,89.47685241699219,0.6499204255640507,0.8662938065826893,4.570418834686279
42,11,4.9e-05,bottom_boundary,20,20,0.0,0.0,0.0,0.0,0.0,0.0,-0.06076338291168213,0.06076338291168213,1.2152676582336426,36.551961708068845,36.99940028190613,96.05130767822266,0.12527535744011403,1.2741199631243945,3.3622522354125977
42,11,4.9e-05,left_boundary,36,129,0.003321237056904162,0.027796622905750863,0.06300246715545654,0.5052184271367474,0.5175713425657401,1.0282907485961914,1.2846229687520816,1.6280815545397327,6.603885173797607,-1.5655021618874816,2.028018863115445,11.445417404174805,-0.04975712299346924,0.6076645749483922,1.9535770416259766
42,11,4.9e-05,right_boundary,35,121,-0.15962220343894193,0.15962220343894193,0.22472400963306427,0.5124969345118319,0.5124969345118319,1.0,-33.611183207882334,33.611183207882334,78.09029388427734,104.26798235680447,104.26798235680447,145.42156982421875,-0.20263892954046075,0.9606297075255843,5.454224586486816
42,11,4.9e-05,near_notch,166,315,-0.05161647373636489,0.05195088335312903,0.11718854308128357,0.49986392912645655,0.49986392912645655,0.9461681842803955,-38.29092878396549,42.28515166242917,345.4656066894531,382.6340945513239,382.8248022411314,8132.4775390625,-7.204581172882564,70.26943011813694,1686.822998046875
42,12,5.1e-05,whole_domain,2786,5411,-0.04665862311190129,0.06042769875754184,0.22096407413482666,0.495114546498943,0.49603935501867635,1.0276539325714111,-17.491942715967234,18.41536739797572,319.5722961425781,81.58140774010886,82.20614200478529,8387.8427734375,-0.44163583518534133,10.557128928092277,1796.986572265625
42,12,5.1e-05,top_boundary,20,20,0.014931970834732055,0.06921152472496032,0.18032455444335938,1.0,1.0,1.0,-22.656063389778136,24.387887120246887,71.10047912597656,32.65013863742352,35.18203101456165,85.98750305175781,0.41304922141134737,0.7321354273706675,3.8135485649108887
42,12,5.1e-05,bottom_boundary,20,20,0.0,0.0,0.0,0.0,0.0,0.0,-0.06848673820495606,0.06848673820495606,1.369734764099121,35.05935235619545,35.383246165513995,92.28793334960938,0.033453775197267534,1.097027999907732,3.237461566925049
42,12,5.1e-05,left_boundary,36,129,0.0036892819561115983,0.02683913647908614,0.06048083305358887,0.5052033936760078,0.5170261917066656,1.0276539325714111,1.2533110317940166,1.5721127451938945,6.312024116516113,-1.7511525024739347,1.96472218650025,10.949982643127441,-0.11971680739129237,0.6117727742638699,2.3547165393829346
42,12,5.1e-05,right_boundary,35,121,-0.15532793439924716,0.15532793439924716,0.22096407413482666,0.5117676136749131,0.5117676136749131,1.0,-34.71122385450631,34.71122385450631,73.69042205810547,107.01313119683384,107.01313119683384,238.6637420654297,-0.3764865358998953,1.7006800962873727,10.095308303833008
42,12,5.1e-05,near_notch,166,315,-0.048164313037898,0.04860332429269469,0.11140210926532745,0.4982534061264561,0.4982534061264561,0.9484469890594482,-36.73996224668291,40.71311991744571,319.5722961425781,392.4777172529508,392.7030295226309,8387.8427734375,-9.397159422011603,70.67548542022705,1796.986572265625
42,13,5.3e-05,whole_domain,2786,5411,-0.04677172483167842,0.05672904104139045,0.22225689888000488,0.4949552859019897,0.49573500544876464,1.0252729654312134,-16.823898875041323,17.690409655447223,278.1965026855469,83.131922569968,83.6947920299067,8764.189453125,-0.8240497843306023,11.369668098917831,1929.797607421875
42,13,5.3e-05,top_boundary,20,20,0.00792430154979229,0.0620865698903799,0.17511878907680511,1.0,1.0,1.0,-21.277732127159833,22.920818269997834,67.73681640625,31.54162483215332,33.880227661132814,82.75775146484375,-0.1410831430926919,0.8562339147552848,2.5453288555145264
42,13,5.3e-05,bottom_boundary,20,20,0.0,0.0,0.0,0.0,0.0,0.0,-0.052526968717575076,0.052526968717575076,1.0505393743515015,33.84609646648168,34.03616942316294,88.80580139160156,-0.12225995989283547,0.8405554327531718,2.896345376968384
42,13,5.3e-05,left_boundary,36,129,0.0004133986828189033,0.02260302637377107,0.05106830969452858,0.5051014309509709,0.5154715559167218,1.0252729654312134,0.9880566436421964,1.434583673065947,6.077552795410156,-1.2837479384038453,1.7588399807713175,10.499601364135742,-0.006354075531626857,0.5728213939555856,2.264708995819092
42,13,5.3e-05,right_boundary,35,121,-0.15199606321485978,0.15199606321485978,0.22225689888000488,0.5112294598349503,0.5112294598349503,1.0,-36.81660544576724,36.81660544576724,72.677734375,109.33636796178897,109.33636796178897,429.6637268066406,0.27385668025529086,2.574682408127903,27.55594253540039
42,13,5.3e-05,near_notch,166,315,-0.045770247139750926,0.04585685119546034,0.1043153703212738,0.4982620530862765,0.4982620530862765,0.9532086849212646,-33.72353245718848,37.274225678602384,278.1965026855469,403.7849066501631,403.90108958415925,8764.189453125,-11.25691993955582,75.21993613470168,1929.797607421875
