seed,step,Delta,branch,reaction_N,ratio_to_legacy_abs,legacy_top_sigma_integral_N,postprocessed_sigma_virtual_work_N,is_conjugate_to_postprocessed_sigma,matches_training_mechanics_objective,alpha0p8_through_crack,I_current_active_fraction,II_current_active_fraction
7,0,1e-06,current_trial_energy,0.07881747296778485,2.116461312206909,0.03724021436782092,0.05421896275947802,True,False,False,1.0,1.0
7,0,1e-06,pre_step_history_energy,0.07881747296778485,2.116461312206909,0.03724021436782092,0.05421896275947802,False,True,False,1.0,1.0
7,0,1e-06,post_step_committed_history_energy,0.04116349737159908,1.1053507094515613,0.03724021436782092,0.05421896275947802,False,False,False,1.0,1.0
7,0,1e-06,frozen_active_branch_energy,0.07881747296778485,2.116461312206909,0.03724021436782092,0.05421896275947802,False,False,False,1.0,1.0
7,1,5e-06,current_trial_energy,0.427455612225458,2.1913183809639576,0.19506778017232757,0.2691335103008896,True,False,False,0.9990759491920471,0.9990759491920471
7,1,5e-06,pre_step_history_energy,0.427455612225458,2.1913183809639576,0.19506778017232757,0.2691335103008896,False,True,False,0.9990759491920471,0.9990759491920471
7,1,5e-06,post_step_committed_history_energy,0.214680316275917,1.100542160710822,0.19506778017232757,0.2691335103008896,False,False,False,0.9990759491920471,0.9990759491920471
7,1,5e-06,frozen_active_branch_energy,0.427455612225458,2.1913183809639576,0.19506778017232757,0.2691335103008896,False,False,False,0.9990759491920471,0.9990759491920471
7,2,1e-05,current_trial_energy,0.8481868426315486,2.2259586823955533,0.3810433901310059,0.5298277828842402,True,False,False,0.9979671239852905,0.997782289981842
7,2,1e-05,pre_step_history_energy,0.8481868426315486,2.2259586823955533,0.3810433901310059,0.5298277828842402,False,True,False,0.9979671239852905,0.997782289981842
7,2,1e-05,post_step_committed_history_energy,0.39859110256657004,1.0460517434235799,0.3810433901310059,0.5298277828842402,False,False,False,0.9979671239852905,0.997782289981842
7,2,1e-05,frozen_active_branch_energy,0.8481868426315486,2.2259586823955533,0.3810433901310059,0.5298277828842402,False,False,False,0.9979671239852905,0.997782289981842
7,3,1.5e-05,current_trial_energy,1.2412957148626447,2.331342876225595,0.5324380757206686,0.7674339576624334,True,False,False,0.9955645799636841,0.9957494139671326
7,3,1.5e-05,pre_step_history_energy,1.2412937358021736,2.331339159247863,0.5324380757206686,0.7674339576624334,False,True,False,0.9955645799636841,0.9957494139671326
7,3,1.5e-05,post_step_committed_history_energy,0.6084819906391203,1.1428220827661966,0.5324380757206686,0.7674339576624334,False,False,False,0.9955645799636841,0.9957494139671326
7,3,1.5e-05,frozen_active_branch_energy,1.2412937358021736,2.331339159247863,0.5324380757206686,0.7674339576624334,False,False,False,0.9955645799636841,0.9957494139671326
7,4,2e-05,current_trial_energy,1.586527214385569,2.4747706286780287,0.6410805090381484,0.9621469653211534,True,False,False,0.9931620955467224,0.9918684363365173
7,4,2e-05,pre_step_history_energy,1.5864964807406068,2.474722688295301,0.6410805090381484,0.9621469653211534,False,True,False,0.9931620955467224,0.9918684363365173
7,4,2e-05,post_step_committed_history_energy,0.8319803746417165,1.2977783022759288,0.6410805090381484,0.9621469653211534,False,False,False,0.9931620955467224,0.9918684363365173
7,4,2e-05,frozen_active_branch_energy,1.5864964807406068,2.474722688295301,0.6410805090381484,0.9621469653211534,False,False,False,0.9931620955467224,0.9918684363365173
7,5,2.5e-05,current_trial_energy,1.8142890185117722,2.644317523361534,0.6861086093039972,0.9398891124874353,True,False,False,0.8722971677780151,0.8571428656578064
7,5,2.5e-05,pre_step_history_energy,1.7821155488491058,2.597424845983088,0.6861086093039972,0.9398891124874353,False,True,False,0.8722971677780151,0.8571428656578064
7,5,2.5e-05,post_step_committed_history_energy,0.8941564592532814,1.3032287412343246,0.6861086093039972,0.9398891124874353,False,False,False,0.8722971677780151,0.8571428656578064
7,5,2.5e-05,frozen_active_branch_energy,1.7821155488491058,2.597424845983088,0.6861086093039972,0.9398891124874353,False,False,False,0.8722971677780151,0.8571428656578064
7,6,3e-05,current_trial_energy,1.9407698418945074,2.797885789618879,0.6936558486752507,0.4658364341594279,True,False,False,0.7030124068260193,0.7177971005439758
7,6,3e-05,pre_step_history_energy,1.8339642556384206,2.6439108949213646,0.6936558486752507,0.4658364341594279,False,True,False,0.7030124068260193,0.7177971005439758
7,6,3e-05,post_step_committed_history_energy,0.907769484911114,1.3086741597360985,0.6936558486752507,0.4658364341594279,False,False,False,0.7030124068260193,0.7177971005439758
7,6,3e-05,frozen_active_branch_energy,1.8339642556384206,2.6439108949213646,0.6936558486752507,0.4658364341594279,False,False,False,0.7030124068260193,0.7177971005439758
7,7,3.5e-05,current_trial_energy,1.9654149655252695,2.857858881808412,0.6877228886408776,-0.7361004827544093,True,False,False,0.5241175293922424,0.5693956613540649
7,7,3.5e-05,pre_step_history_energy,1.731373369693756,2.517545072718763,0.6877228886408776,-0.7361004827544093,False,True,False,0.5241175293922424,0.5693956613540649
7,7,3.5e-05,post_step_committed_history_energy,0.8592535159550607,1.2494182324703094,0.6877228886408776,-0.7361004827544093,False,False,False,0.5241175293922424,0.5693956613540649
7,7,3.5e-05,frozen_active_branch_energy,1.731373369693756,2.517545072718763,0.6877228886408776,-0.7361004827544093,False,False,False,0.5241175293922424,0.5693956613540649
7,8,4e-05,current_trial_energy,1.8960180459544063,2.8291376867333975,0.6701752462756956,-2.9465779662132263,True,False,False,0.416743665933609,0.45000922679901123
7,8,4e-05,pre_step_history_energy,1.4293115818873048,2.1327430247987955,0.6701752462756956,-2.9465779662132263,False,True,False,0.416743665933609,0.45000922679901123
7,8,4e-05,post_step_committed_history_energy,0.6878816056996584,1.0264204915391322,0.6701752462756956,-2.9465779662132263,False,False,False,0.416743665933609,0.45000922679901123
7,8,4e-05,frozen_active_branch_energy,1.4293115818873048,2.1327430247987955,0.6701752462756956,-2.9465779662132263,False,False,False,0.416743665933609,0.45000922679901123
7,9,4.5e-05,current_trial_energy,1.7477304209023714,2.533976777200285,0.6897184049308401,-6.195499561727047,True,False,False,0.30105340480804443,0.3321012854576111
7,9,4.5e-05,pre_step_history_energy,1.007041078992188,1.4600756943598838,0.6897184049308401,-6.195499561727047,False,True,False,0.30105340480804443,0.3321012854576111
7,9,4.5e-05,post_step_committed_history_energy,0.511847494635731,0.7421108251954728,0.6897184049308401,-6.195499561727047,False,False,False,0.30105340480804443,0.3321012854576111
7,9,4.5e-05,frozen_active_branch_energy,1.0067992843687534,1.4597251242986735,0.6897184049308401,-6.195499561727047,False,False,False,0.30105340480804443,0.3321012854576111
7,10,4.7e-05,current_trial_energy,1.6764310421422124,2.3508761790271024,0.713109034451995,-7.978897541761398,True,False,False,0.24967658519744873,0.27739790081977844
7,10,4.7e-05,pre_step_history_energy,0.8521633571945131,1.194997280954907,0.713109034451995,-7.978897541761398,False,True,False,0.24967658519744873,0.27739790081977844
7,10,4.7e-05,post_step_committed_history_energy,0.4210031474940479,0.5903769650283247,0.713109034451995,-7.978897541761398,False,False,False,0.24967658519744873,0.27739790081977844
7,10,4.7e-05,frozen_active_branch_energy,0.8521633571945131,1.194997280954907,0.713109034451995,-7.978897541761398,False,False,False,0.24967658519744873,0.27739790081977844
7,11,4.9e-05,current_trial_energy,1.6020399052649736,2.2405046607503247,0.7150352924186576,-10.01704391092062,True,False,False,0.19719091057777405,0.22602106630802155
7,11,4.9e-05,pre_step_history_energy,0.6778757669962943,0.9480312009541955,0.7150352924186576,-10.01704391092062,False,True,False,0.19719091057777405,0.22602106630802155
7,11,4.9e-05,post_step_committed_history_energy,0.3292779438197613,0.4605058621735373,0.7150352924186576,-10.01704391092062,False,False,False,0.19719091057777405,0.22602106630802155
7,11,4.9e-05,frozen_active_branch_energy,0.6778757669962943,0.9480312009541955,0.7150352924186576,-10.01704391092062,False,False,False,0.19719091057777405,0.22602106630802155
7,12,5.1e-05,current_trial_energy,1.5212635044008493,2.1340355382527876,0.7128576245015877,-12.233088724315166,True,False,False,0.15801145136356354,0.189059317111969
7,12,5.1e-05,pre_step_history_energy,0.4787435755133629,0.6715837203089304,0.7128576245015877,-12.233088724315166,False,True,False,0.15801145136356354,0.189059317111969
7,12,5.1e-05,post_step_committed_history_energy,0.24963519535958767,0.35018941620232563,0.7128576245015877,-12.233088724315166,False,False,False,0.15801145136356354,0.189059317111969
7,12,5.1e-05,frozen_active_branch_energy,0.4776420828420669,0.6700385412529217,0.7128576245015877,-12.233088724315166,False,False,False,0.15801145136356354,0.189059317111969
7,13,5.3e-05,current_trial_energy,1.4326958917081356,2.0021742983077147,0.7155700145182586,-14.832749031484127,True,False,False,0.11920162290334702,0.14359638094902039
7,13,5.3e-05,pre_step_history_energy,0.2679606550373137,0.37447160948703556,0.7155700145182586,-14.832749031484127,False,True,False,0.11920162290334702,0.14359638094902039
7,13,5.3e-05,post_step_committed_history_energy,0.1495889446232468,0.20904864875305623,0.7155700145182586,-14.832749031484127,False,False,False,0.11920162290334702,0.14359638094902039
7,13,5.3e-05,frozen_active_branch_energy,0.2679606550373137,0.37447160948703556,0.7155700145182586,-14.832749031484127,False,False,False,0.11920162290334702,0.14359638094902039
7,14,5.5e-05,current_trial_energy,1.352899707853794,1.9128629696152797,0.7072643097513112,-17.60835014283657,True,False,True,0.08390316367149353,0.10404731333255768
7,14,5.5e-05,pre_step_history_energy,0.15983432240318507,0.2259895207484542,0.7072643097513112,-17.60835014283657,False,True,True,0.08390316367149353,0.10404731333255768
7,14,5.5e-05,post_step_committed_history_energy,0.08132148650474846,0.11498033391977999,0.7072643097513112,-17.60835014283657,False,False,True,0.08390316367149353,0.10404731333255768
7,14,5.5e-05,frozen_active_branch_energy,0.15983432240318507,0.2259895207484542,0.7072643097513112,-17.60835014283657,False,False,True,0.08390316367149353,0.10404731333255768
7,15,5.7e-05,current_trial_energy,1.2962331529706717,1.840841095742583,0.7041526593297722,-20.227305591106415,True,False,True,0.0685640349984169,0.08852338045835495
7,15,5.7e-05,pre_step_history_energy,0.11356447066646069,0.16127819608684546,0.7041526593297722,-20.227305591106415,False,True,True,0.0685640349984169,0.08852338045835495
7,15,5.7e-05,post_step_committed_history_energy,0.06815847882535309,0.09679503147829877,0.7041526593297722,-20.227305591106415,False,False,True,0.0685640349984169,0.08852338045835495
7,15,5.7e-05,frozen_active_branch_energy,0.11350325075909495,0.16119125484398483,0.7041526593297722,-20.227305591106415,False,False,True,0.0685640349984169,0.08852338045835495
7,16,5.9e-05,current_trial_energy,1.2289575533941388,1.7844742043030588,0.688694490752876,-23.43406341969967,True,False,True,0.06394381821155548,0.08371835201978683
7,16,5.9e-05,pre_step_history_energy,0.07449212716892362,0.10816425594967274,0.688694490752876,-23.43406341969967,False,True,True,0.06394381821155548,0.08371835201978683
7,16,5.9e-05,post_step_committed_history_energy,0.03891270898748189,0.05650213485074171,0.688694490752876,-23.43406341969967,False,False,True,0.06394381821155548,0.08371835201978683
7,16,5.9e-05,frozen_active_branch_energy,0.07449212716892362,0.10816425594967274,0.688694490752876,-23.43406341969967,False,False,True,0.06394381821155548,0.08371835201978683
7,17,6.1e-05,current_trial_energy,1.1704900534823537,1.689767054675628,0.6926931438529224,-26.847772300243378,True,False,True,0.05193125084042549,0.06542228907346725
7,17,6.1e-05,pre_step_history_energy,0.03537354859872721,0.05106669369061632,0.6926931438529224,-26.847772300243378,False,True,True,0.05193125084042549,0.06542228907346725
7,17,6.1e-05,post_step_committed_history_energy,0.015450872524525039,0.0223055080906152,0.6926931438529224,-26.847772300243378,False,False,True,0.05193125084042549,0.06542228907346725
7,17,6.1e-05,frozen_active_branch_energy,0.03526243381202221,0.050906283864575665,0.6926931438529224,-26.847772300243378,False,False,True,0.05193125084042549,0.06542228907346725
7,18,6.3e-05,current_trial_energy,1.125974697060883,1.6538340626385246,0.6808268873507809,-30.131354928016663,True,False,True,0.053964145481586456,0.06690075993537903
7,18,6.3e-05,pre_step_history_energy,0.03455582555034198,0.05075567107051966,0.6808268873507809,-30.131354928016663,False,True,True,0.053964145481586456,0.06690075993537903
7,18,6.3e-05,post_step_committed_history_energy,0.021250612917356193,0.03121294606922198,0.6808268873507809,-30.131354928016663,False,False,True,0.053964145481586456,0.06690075993537903
7,18,6.3e-05,frozen_active_branch_energy,0.03455582555034198,0.05075567107051966,0.6808268873507809,-30.131354928016663,False,False,True,0.053964145481586456,0.06690075993537903
7,19,6.5e-05,current_trial_energy,1.0636417428031564,1.5168708668454758,0.7012078391452883,-34.48311984539032,True,False,True,0.04472371190786362,0.06006283313035965
7,19,6.5e-05,pre_step_history_energy,0.037712903576903045,0.053782775193831,0.7012078391452883,-34.48311984539032,False,True,True,0.04472371190786362,0.06006283313035965
7,19,6.5e-05,post_step_committed_history_energy,0.0212116810871521,0.03025020529292329,0.7012078391452883,-34.48311984539032,False,False,True,0.04472371190786362,0.06006283313035965
7,19,6.5e-05,frozen_active_branch_energy,0.037712903576903045,0.053782775193831,0.7012078391452883,-34.48311984539032,False,False,True,0.04472371190786362,0.06006283313035965
7,20,6.7e-05,current_trial_energy,1.0187642183154821,1.4548048089447296,0.7002755366573624,-38.275014609098434,True,False,True,0.05100720748305321,0.057475510984659195
7,20,6.7e-05,pre_step_history_energy,0.02155911897716578,0.030786623048513595,0.7002755366573624,-38.275014609098434,False,True,True,0.05100720748305321,0.057475510984659195
7,20,6.7e-05,post_step_committed_history_energy,0.011120679118903354,0.015880433539040773,0.7002755366573624,-38.275014609098434,False,False,True,0.05100720748305321,0.057475510984659195
7,20,6.7e-05,frozen_active_branch_energy,0.02155911897716578,0.030786623048513595,0.7002755366573624,-38.275014609098434,False,False,True,0.05100720748305321,0.057475510984659195
7,21,6.9e-05,current_trial_energy,0.9810372721403837,1.35101321962187,0.7261492766258516,-42.15223714709282,True,False,True,0.04694141447544098,0.05618185177445412
7,21,6.9e-05,pre_step_history_energy,0.01816071744542569,0.02500961996383424,0.7261492766258516,-42.15223714709282,False,True,True,0.04694141447544098,0.05618185177445412
7,21,6.9e-05,post_step_committed_history_energy,0.008191664164769463,0.011280964435898237,0.7261492766258516,-42.15223714709282,False,False,True,0.04694141447544098,0.05618185177445412
7,21,6.9e-05,frozen_active_branch_energy,0.01816071744542569,0.02500961996383424,0.7261492766258516,-42.15223714709282,False,False,True,0.04694141447544098,0.05618185177445412
7,22,7.1e-05,current_trial_energy,0.941432430408895,1.304492935219333,0.7216845756628077,-46.20829224586487,True,False,True,0.04527813568711281,0.053964145481586456
7,22,7.1e-05,pre_step_history_energy,0.012927604075230192,0.017913094600029735,0.7216845756628077,-46.20829224586487,False,True,True,0.04527813568711281,0.053964145481586456
7,22,7.1e-05,post_step_committed_history_energy,0.008555835847801063,0.011855367478157939,0.7216845756628077,-46.20829224586487,False,False,True,0.04527813568711281,0.053964145481586456
7,22,7.1e-05,frozen_active_branch_energy,0.012927604075230192,0.017913094600029735,0.7216845756628077,-46.20829224586487,False,False,True,0.04527813568711281,0.053964145481586456
7,23,7.3e-05,current_trial_energy,0.8906674338504672,1.2122505135684807,0.7347222573893782,-51.193393766880035,True,False,True,0.04620217904448509,0.05544261634349823
7,23,7.3e-05,pre_step_history_energy,0.012206155588501133,0.016613292255324014,0.7347222573893782,-51.193393766880035,False,True,True,0.04620217904448509,0.05544261634349823
7,23,7.3e-05,post_step_committed_history_energy,0.00832948262541322,0.011336913427680296,0.7347222573893782,-51.193393766880035,False,False,True,0.04620217904448509,0.05544261634349823
7,23,7.3e-05,frozen_active_branch_energy,0.012206155588501133,0.016613292255324014,0.7347222573893782,-51.193393766880035,False,False,True,0.04620217904448509,0.05544261634349823
7,24,7.5e-05,current_trial_energy,0.853856501635164,1.1318011035345432,0.7544227505774859,-55.64584955573082,True,False,True,0.035668082535266876,0.04805026948451996
7,24,7.5e-05,pre_step_history_energy,0.010817901966220234,0.014339310364035926,0.7544227505774859,-55.64584955573082,False,True,True,0.035668082535266876,0.04805026948451996
7,24,7.5e-05,post_step_committed_history_energy,0.005962727755104424,0.00790369557458355,0.7544227505774859,-55.64584955573082,False,False,True,0.035668082535266876,0.04805026948451996
7,24,7.5e-05,frozen_active_branch_energy,0.010817901966220234,0.014339310364035926,0.7544227505774859,-55.64584955573082,False,False,True,0.035668082535266876,0.04805026948451996
7,25,7.7e-05,current_trial_energy,0.822022499050945,1.07027421933794,0.7680484909366865,-59.86389145255089,True,False,True,0.03844021260738373,0.04841988533735275
7,25,7.7e-05,pre_step_history_energy,0.0076982360042165965,0.010023111945481571,0.7680484909366865,-59.86389145255089,False,True,True,0.03844021260738373,0.04841988533735275
7,25,7.7e-05,post_step_committed_history_energy,0.004199982413410908,0.005468381831319984,0.7680484909366865,-59.86389145255089,False,False,True,0.03844021260738373,0.04841988533735275
7,25,7.7e-05,frozen_active_branch_energy,0.0076982360042165965,0.010023111945481571,0.7680484909366865,-59.86389145255089,False,False,True,0.03844021260738373,0.04841988533735275
7,26,8e-05,current_trial_energy,0.79261016799137,1.0277254013615869,0.7712275739621465,-65.39946794509888,True,False,True,0.041951581835746765,0.051376823335886
7,26,8e-05,pre_step_history_energy,0.010056619430542924,0.013039756059132455,0.7712275739621465,-65.39946794509888,False,True,True,0.041951581835746765,0.051376823335886
7,26,8e-05,post_step_committed_history_energy,0.005981128197163343,0.007755334999805012,0.7712275739621465,-65.39946794509888,False,False,True,0.041951581835746765,0.051376823335886
7,26,8e-05,frozen_active_branch_energy,0.010056619430542924,0.013039756059132455,0.7712275739621465,-65.39946794509888,False,False,True,0.041951581835746765,0.051376823335886
7,27,8.3e-05,current_trial_energy,0.7433515856973827,0.9401325961109718,0.7906880250428405,-72.810597717762,True,False,True,0.040288303047418594,0.04897431284189224
7,27,8.3e-05,pre_step_history_energy,0.014326344171422534,0.01811883286160343,0.7906880250428405,-72.810597717762,False,True,True,0.040288303047418594,0.04897431284189224
7,27,8.3e-05,post_step_committed_history_energy,0.010777540410344955,0.013630585096771907,0.7906880250428405,-72.810597717762,False,False,True,0.040288303047418594,0.04897431284189224
7,27,8.3e-05,frozen_active_branch_energy,0.014326344171422534,0.01811883286160343,0.7906880250428405,-72.810597717762,False,False,True,0.040288303047418594,0.04897431284189224
7,28,8.6e-05,current_trial_energy,0.7022558129392564,0.8961478598116626,0.7836383307179295,-79.64875549077988,True,False,True,0.04176677018404007,0.051746442914009094
7,28,8.6e-05,pre_step_history_energy,0.009630443855712656,0.012289398665440132,0.7836383307179295,-79.64875549077988,False,True,True,0.04176677018404007,0.051746442914009094
7,28,8.6e-05,post_step_committed_history_energy,0.007364382327068597,0.009397680075605446,0.7836383307179295,-79.64875549077988,False,False,True,0.04176677018404007,0.051746442914009094
7,28,8.6e-05,frozen_active_branch_energy,0.009630443855712656,0.012289398665440132,0.7836383307179295,-79.64875549077988,False,False,True,0.04176677018404007,0.051746442914009094
7,29,8.9e-05,current_trial_energy,0.6716902717016637,0.8480789645402809,0.7920138333648773,-86.55279129743576,True,False,True,0.052855294197797775,0.061356496065855026
7,29,8.9e-05,pre_step_history_energy,0.010214579560852144,0.012896971151949984,0.7920138333648773,-86.55279129743576,False,True,True,0.052855294197797775,0.061356496065855026
7,29,8.9e-05,post_step_committed_history_energy,0.0049529467105458025,0.006253611366234814,0.7920138333648773,-86.55279129743576,False,False,True,0.052855294197797775,0.061356496065855026
7,29,8.9e-05,frozen_active_branch_energy,0.010214579560852144,0.012896971151949984,0.7920138333648773,-86.55279129743576,False,False,True,0.052855294197797775,0.061356496065855026
7,30,9.2e-05,current_trial_energy,0.6502614705823362,0.8210418791867623,0.7919954962911475,-92.50069409608841,True,False,True,0.04121234640479088,0.04361485689878464
7,30,9.2e-05,pre_step_history_energy,0.005637236881739227,0.007117763810700898,0.7919954962911475,-92.50069409608841,False,True,True,0.04121234640479088,0.04361485689878464
7,30,9.2e-05,post_step_committed_history_energy,0.0027274534204480005,0.0034437739017714746,0.7919954962911475,-92.50069409608841,False,False,True,0.04121234640479088,0.04361485689878464
7,30,9.2e-05,frozen_active_branch_energy,0.005637236881739227,0.007117763810700898,0.7919954962911475,-92.50069409608841,False,False,True,0.04121234640479088,0.04361485689878464
7,31,9.5e-05,current_trial_energy,0.6184644298627973,0.7770873767939755,0.7958750178318326,-99.89199042320251,True,False,True,0.046571798622608185,0.053964145481586456
7,31,9.5e-05,pre_step_history_energy,0.0075711191129812505,0.009512949826728973,0.7958750178318326,-99.89199042320251,False,True,True,0.046571798622608185,0.053964145481586456
7,31,9.5e-05,post_step_committed_history_energy,0.0041107000470219646,0.005165007011051263,0.7958750178318326,-99.89199042320251,False,False,True,0.046571798622608185,0.053964145481586456
7,31,9.5e-05,frozen_active_branch_energy,0.0075711191129812505,0.009512949826728973,0.7958750178318326,-99.89199042320251,False,False,True,0.046571798622608185,0.053964145481586456
7,32,9.8e-05,current_trial_energy,0.5925206933170557,0.7622799447725008,0.7773006457540883,-106.64232075214386,True,False,True,0.04287562519311905,0.05082239955663681
7,32,9.8e-05,pre_step_history_energy,0.005487802354764426,0.007060076927429418,0.7773006457540883,-106.64232075214386,False,True,True,0.04287562519311905,0.05082239955663681
7,32,9.8e-05,post_step_committed_history_energy,0.002086563881675829,0.0026843717332198738,0.7773006457540883,-106.64232075214386,False,False,True,0.04287562519311905,0.05082239955663681
7,32,9.8e-05,frozen_active_branch_energy,0.005487802354764426,0.007060076927429418,0.7773006457540883,-106.64232075214386,False,False,True,0.04287562519311905,0.05082239955663681
7,33,0.0001,current_trial_energy,0.581293017603457,0.7358892662914502,0.7899191416840626,-110.92320084571838,True,False,True,0.04232119768857956,0.04934392869472504
7,33,0.0001,pre_step_history_energy,0.00784211079007946,0.009927738645958783,0.7899191416840626,-110.92320084571838,False,True,True,0.04232119768857956,0.04934392869472504
7,33,0.0001,post_step_committed_history_energy,0.002841488822014071,0.0035971894743000894,0.7899191416840626,-110.92320084571838,False,False,True,0.04232119768857956,0.04934392869472504
7,33,0.0001,frozen_active_branch_energy,0.00784211079007946,0.009927738645958783,0.7899191416840626,-110.92320084571838,False,False,True,0.04232119768857956,0.04934392869472504
13,0,1e-06,current_trial_energy,0.07881042984081432,2.104853392727016,0.037442241874484535,0.05400784721132368,True,False,False,1.0,1.0
13,0,1e-06,pre_step_history_energy,0.07881042984081432,2.104853392727016,0.037442241874484535,0.05400784721132368,False,True,False,1.0,1.0
13,0,1e-06,post_step_committed_history_energy,0.03924219709006138,1.048072848351622,0.037442241874484535,0.05400784721132368,False,False,False,1.0,1.0
13,0,1e-06,frozen_active_branch_energy,0.07881042984081432,2.104853392727016,0.037442241874484535,0.05400784721132368,False,False,False,1.0,1.0
13,1,5e-06,current_trial_energy,0.42797948117367923,2.23329184811038,0.19163616324297192,0.26951514882966876,True,False,False,0.9990759491920471,0.9987063407897949
13,1,5e-06,pre_step_history_energy,0.4279795102775097,2.233291999980622,0.19163616324297192,0.26951514882966876,False,True,False,0.9990759491920471,0.9987063407897949
13,1,5e-06,post_step_committed_history_energy,0.21745660342276096,1.1347367831981263,0.19163616324297192,0.26951514882966876,False,False,False,0.9990759491920471,0.9987063407897949
13,1,5e-06,frozen_active_branch_energy,0.4279795102775097,2.233291999980622,0.19163616324297192,0.26951514882966876,False,False,False,0.9990759491920471,0.9987063407897949
13,2,1e-05,current_trial_energy,0.847788352984935,2.2624352302381068,0.3747238116052988,0.5285026854835451,True,False,False,0.9966734647750854,0.996488630771637
13,2,1e-05,pre_step_history_energy,0.8477876544930041,2.2624333662201037,0.3747238116052988,0.5285026854835451,False,True,False,0.9966734647750854,0.996488630771637
13,2,1e-05,post_step_committed_history_energy,0.416583992773667,1.1117094240396446,0.3747238116052988,0.5285026854835451,False,False,False,0.9966734647750854,0.996488630771637
13,2,1e-05,frozen_active_branch_energy,0.8477876544930041,2.2624333662201037,0.3747238116052988,0.5285026854835451,False,False,False,0.9966734647750854,0.996488630771637
13,3,1.5e-05,current_trial_energy,1.2407972244545817,2.3541637502800756,0.5270649606710509,0.7649355684407055,True,False,False,0.9961190223693848,0.9939013123512268
13,3,1.5e-05,pre_step_history_energy,1.2407952453941107,2.3541599954099577,0.5270649606710509,0.7649355684407055,False,True,False,0.9961190223693848,0.9939013123512268
13,3,1.5e-05,post_step_committed_history_energy,0.6307237199507654,1.1966716951696765,0.5270649606710509,0.7649355684407055,False,False,False,0.9961190223693848,0.9939013123512268
13,3,1.5e-05,frozen_active_branch_energy,1.2407952453941107,2.3541599954099577,0.5270649606710509,0.7649355684407055,False,False,False,0.9961190223693848,0.9939013123512268
13,4,2e-05,current_trial_energy,1.58395292237401,2.484303814122744,0.637584225153772,0.9546114597469568,True,False,False,0.988541841506958,0.9837368130683899
13,4,2e-05,pre_step_history_energy,1.583916717208922,2.484247029209222,0.637584225153772,0.9546114597469568,False,True,False,0.988541841506958,0.9837368130683899
13,4,2e-05,post_step_committed_history_energy,0.8054556674323976,1.2632929668831416,0.637584225153772,0.9546114597469568,False,False,False,0.988541841506958,0.9837368130683899
13,4,2e-05,frozen_active_branch_energy,1.583916717208922,2.484247029209222,0.637584225153772,0.9546114597469568,False,False,False,0.988541841506958,0.9837368130683899
13,5,2.5e-05,current_trial_energy,1.812312169931829,2.630745668385013,0.6888967609873091,0.9285788401030004,True,False,False,0.8726667761802673,0.8567732572555542
13,5,2.5e-05,pre_step_history_energy,1.7816273029893637,2.586203628590126,0.6888967609873091,0.9285788401030004,False,True,False,0.8726667761802673,0.8567732572555542
13,5,2.5e-05,post_step_committed_history_energy,0.9031292283907533,1.3109790603404952,0.6888967609873091,0.9285788401030004,False,False,False,0.8726667761802673,0.8567732572555542
13,5,2.5e-05,frozen_active_branch_energy,1.7816273029893637,2.586203628590126,0.6888967609873091,0.9285788401030004,False,False,False,0.8726667761802673,0.8567732572555542
13,6,3e-05,current_trial_energy,1.942655653692782,2.7960478590930244,0.6947862667568702,0.48740406055003405,True,False,False,0.7135464549064636,0.722602128982544
13,6,3e-05,pre_step_history_energy,1.8477900885045528,2.6595086531138343,0.6947862667568702,0.48740406055003405,False,True,False,0.7135464549064636,0.722602128982544
13,6,3e-05,post_step_committed_history_energy,0.9392988868057728,1.3519249469196346,0.6947862667568702,0.48740406055003405,False,False,False,0.7135464549064636,0.722602128982544
13,6,3e-05,frozen_active_branch_energy,1.8477900885045528,2.6595086531138343,0.6947862667568702,0.48740406055003405,False,False,False,0.7135464549064636,0.722602128982544
13,7,3.5e-05,current_trial_energy,1.9678506068885326,2.8687939976772734,0.6859504755244915,-0.6807290483266115,True,False,False,0.5496211647987366,0.590094268321991
13,7,3.5e-05,pre_step_history_energy,1.738204387947917,2.5340085763755043,0.6859504755244915,-0.6807290483266115,False,True,False,0.5496211647987366,0.590094268321991
13,7,3.5e-05,post_step_committed_history_energy,0.856658152770251,1.2488629767553305,0.6859504755244915,-0.6807290483266115,False,False,False,0.5496211647987366,0.590094268321991
13,7,3.5e-05,frozen_active_branch_energy,1.738180173560977,2.5339732758869062,0.6859504755244915,-0.6807290483266115,False,False,False,0.5496211647987366,0.590094268321991
13,8,4e-05,current_trial_energy,1.8999214516952634,2.770320446103546,0.6858128828986199,-2.7262321673333645,True,False,False,0.42469045519828796,0.4623914361000061
13,8,4e-05,pre_step_history_energy,1.4651683159172535,2.136396606789671,0.6858128828986199,-2.7262321673333645,False,True,False,0.42469045519828796,0.4623914361000061
13,8,4e-05,post_step_committed_history_energy,0.7540201768279076,1.0994546699691707,0.6858128828986199,-2.7262321673333645,False,False,False,0.42469045519828796,0.4623914361000061
13,8,4e-05,frozen_active_branch_energy,1.4651683159172535,2.136396606789671,0.6858128828986199,-2.7262321673333645,False,False,False,0.42469045519828796,0.4623914361000061
13,9,4.5e-05,current_trial_energy,1.729809446260333,2.3497897067002174,0.7361550020105776,-6.183522287756205,True,False,False,0.27739790081977844,0.31713175773620605
13,9,4.5e-05,pre_step_history_energy,0.9582097991369665,1.3016413615609694,0.7361550020105776,-6.183522287756205,False,True,False,0.27739790081977844,0.31713175773620605
13,9,4.5e-05,post_step_committed_history_energy,0.48032013000920415,0.6524714614413536,0.7361550020105776,-6.183522287756205,False,False,False,0.27739790081977844,0.31713175773620605
13,9,4.5e-05,frozen_active_branch_energy,0.9582097991369665,1.3016413615609694,0.7361550020105776,-6.183522287756205,False,False,False,0.27739790081977844,0.31713175773620605
13,10,4.7e-05,current_trial_energy,1.6584009863436222,2.190690767350379,0.7570219453425842,-7.862860336899757,True,False,False,0.2232489436864853,0.25374236702919006
13,10,4.7e-05,pre_step_history_energy,0.7826319779269397,1.0338299738097632,0.7570219453425842,-7.862860336899757,False,True,False,0.2232489436864853,0.25374236702919006
13,10,4.7e-05,post_step_committed_history_energy,0.4062262596562505,0.5366109425961437,0.7570219453425842,-7.862860336899757,False,False,False,0.2232489436864853,0.25374236702919006
13,10,4.7e-05,frozen_active_branch_energy,0.7826319779269397,1.0338299738097632,0.7570219453425842,-7.862860336899757,False,False,False,0.2232489436864853,0.25374236702919006
13,11,4.9e-05,current_trial_energy,1.5855500241741538,2.0872878458997457,0.7596221226932346,-9.630377404391766,True,False,False,0.17944927513599396,0.20421363413333893
13,11,4.9e-05,pre_step_history_energy,0.593646545894444,0.7815024446492876,0.7596221226932346,-9.630377404391766,False,True,False,0.17944927513599396,0.20421363413333893
13,11,4.9e-05,post_step_committed_history_energy,0.29600830748677254,0.3896783659186719,0.7596221226932346,-9.630377404391766,False,False,False,0.17944927513599396,0.20421363413333893
13,11,4.9e-05,frozen_active_branch_energy,0.593646545894444,0.7815024446492876,0.7596221226932346,-9.630377404391766,False,False,False,0.17944927513599396,0.20421363413333893
13,12,5.1e-05,current_trial_energy,1.496985787525773,1.9256419437514762,0.7773957107567939,-11.98564562946558,True,False,False,0.14100906252861023,0.16244687139987946
13,12,5.1e-05,pre_step_history_energy,0.40310126496478915,0.5185277708470638,0.7773957107567939,-11.98564562946558,False,True,False,0.14100906252861023,0.16244687139987946
13,12,5.1e-05,post_step_committed_history_energy,0.2230382669949904,0.2869044219164303,0.7773957107567939,-11.98564562946558,False,False,False,0.14100906252861023,0.16244687139987946
13,12,5.1e-05,frozen_active_branch_energy,0.4029938136227429,0.5183895512240849,0.7773957107567939,-11.98564562946558,False,False,False,0.14100906252861023,0.16244687139987946
13,13,5.3e-05,current_trial_energy,1.40476378146559,1.8015871691284182,0.7797367818428649,-14.422045089304447,True,False,False,0.10182960331439972,0.12197376042604446
13,13,5.3e-05,pre_step_history_energy,0.2251024270663038,0.28869027639594813,0.7797367818428649,-14.422045089304447,False,True,False,0.10182960331439972,0.12197376042604446
13,13,5.3e-05,post_step_committed_history_energy,0.11826008267235011,0.15166667191568023,0.7797367818428649,-14.422045089304447,False,False,False,0.10182960331439972,0.12197376042604446
13,13,5.3e-05,frozen_active_branch_energy,0.2251024270663038,0.28869027639594813,0.7797367818428649,-14.422045089304447,False,False,False,0.10182960331439972,0.12197376042604446
13,14,5.5e-05,current_trial_energy,1.3346885098144412,1.7081449327292118,0.7813672506594183,-16.985373571515083,True,False,True,0.0802069827914238,0.09499168395996094
13,14,5.5e-05,pre_step_history_energy,0.13405503705143929,0.17156469885102862,0.7813672506594183,-16.985373571515083,False,True,True,0.0802069827914238,0.09499168395996094
13,14,5.5e-05,post_step_committed_history_energy,0.06336600927170366,0.0810963208634957,0.7813672506594183,-16.985373571515083,False,False,True,0.0802069827914238,0.09499168395996094
13,14,5.5e-05,frozen_active_branch_energy,0.13405503705143929,0.17156469885102862,0.7813672506594183,-16.985373571515083,False,False,True,0.0802069827914238,0.09499168395996094
13,15,5.7e-05,current_trial_energy,1.2622876092791557,1.6353536148095298,0.7718744116551054,-19.96435597538948,True,False,True,0.06320458650588989,0.08131583780050278
13,15,5.7e-05,pre_step_history_energy,0.07404191273963079,0.09592481836632608,0.7718744116551054,-19.96435597538948,False,True,True,0.06320458650588989,0.08131583780050278
13,15,5.7e-05,post_step_committed_history_energy,0.03716471474035643,0.048148654987364245,0.7718744116551054,-19.96435597538948,False,False,True,0.06320458650588989,0.08131583780050278
13,15,5.7e-05,frozen_active_branch_energy,0.07404191273963079,0.09592481836632608,0.7718744116551054,-19.96435597538948,False,False,True,0.06320458650588989,0.08131583780050278
13,16,5.9e-05,current_trial_energy,1.177566940896213,1.52193861063341,0.7737282783082333,-23.63445609807968,True,False,True,0.06468304991722107,0.07540196180343628
13,16,5.9e-05,pre_step_history_energy,0.05405606862041168,0.06986440865080693,0.7737282783082333,-23.63445609807968,False,True,True,0.06468304991722107,0.07540196180343628
13,16,5.9e-05,post_step_committed_history_energy,0.03258245124015957,0.042110973779324073,0.7737282783082333,-23.63445609807968,False,False,True,0.06468304991722107,0.07540196180343628
13,16,5.9e-05,frozen_active_branch_energy,0.05405606862041168,0.06986440865080693,0.7737282783082333,-23.63445609807968,False,False,True,0.06468304991722107,0.07540196180343628
13,17,6.1e-05,current_trial_energy,1.1138272238895297,1.4403561998343664,0.7732998434815043,-27.51394547522068,True,False,True,0.05211605876684189,0.06412862986326218
13,17,6.1e-05,pre_step_history_energy,0.03251622183597647,0.04204865953364723,0.7732998434815043,-27.51394547522068,False,True,True,0.05211605876684189,0.06412862986326218
13,17,6.1e-05,post_step_committed_history_energy,0.019297758626635186,0.02495507892482426,0.7732998434815043,-27.51394547522068,False,False,True,0.05211605876684189,0.06412862986326218
13,17,6.1e-05,frozen_active_branch_energy,0.03251622183597647,0.04204865953364723,0.7732998434815043,-27.51394547522068,False,False,True,0.05211605876684189,0.06412862986326218
13,18,6.3e-05,current_trial_energy,1.0571839520707726,1.3632007048070038,0.7755159958052136,-30.869372189044952,True,False,True,0.048235077410936356,0.06117168813943863
13,18,6.3e-05,pre_step_history_energy,0.025583425667718984,0.032988907780239746,0.7755159958052136,-30.869372189044952,False,True,True,0.048235077410936356,0.06117168813943863
13,18,6.3e-05,post_step_committed_history_energy,0.016765581676736474,0.021618614918869433,0.7755159958052136,-30.869372189044952,False,False,True,0.048235077410936356,0.06117168813943863
13,18,6.3e-05,frozen_active_branch_energy,0.025583425667718984,0.032988907780239746,0.7755159958052136,-30.869372189044952,False,False,True,0.048235077410936356,0.06117168813943863
13,19,6.5e-05,current_trial_energy,0.9971365798264742,1.3563822085830681,0.7351442488088394,-34.9242202937603,True,False,True,0.05100720748305321,0.06431343406438828
13,19,6.5e-05,pre_step_history_energy,0.022594618712901138,0.030734945896008017,0.7351442488088394,-34.9242202937603,False,True,True,0.05100720748305321,0.06431343406438828
13,19,6.5e-05,post_step_committed_history_energy,0.014087315321376082,0.019162654600375206,0.7351442488088394,-34.9242202937603,False,False,True,0.05100720748305321,0.06431343406438828
13,19,6.5e-05,frozen_active_branch_energy,0.022594618712901138,0.030734945896008017,0.7351442488088394,-34.9242202937603,False,False,True,0.05100720748305321,0.06431343406438828
13,20,6.7e-05,current_trial_energy,0.9636224713176489,1.285164163746602,0.7498049653893462,-38.424935191869736,True,False,True,0.058584365993738174,0.06412862986326218
13,20,6.7e-05,pre_step_history_energy,0.017220436347997747,0.022966554161262198,0.7498049653893462,-38.424935191869736,False,True,True,0.058584365993738174,0.06412862986326218
13,20,6.7e-05,post_step_committed_history_energy,0.011999010894214734,0.016002842669872275,0.7498049653893462,-38.424935191869736,False,False,True,0.058584365993738174,0.06412862986326218
13,20,6.7e-05,frozen_active_branch_energy,0.017220436347997747,0.022966554161262198,0.7498049653893462,-38.424935191869736,False,False,True,0.058584365993738174,0.06412862986326218
13,21,6.9e-05,current_trial_energy,0.9177365573123097,1.20300235166188,0.7628717899383225,-42.43190586566925,True,False,True,0.05193125084042549,0.06043245270848274
13,21,6.9e-05,pre_step_history_energy,0.010329118595109321,0.01353978313439067,0.7628717899383225,-42.43190586566925,False,True,True,0.05193125084042549,0.06043245270848274
13,21,6.9e-05,post_step_committed_history_energy,0.0030485409752145642,0.003996138034493366,0.7628717899383225,-42.43190586566925,False,False,True,0.05193125084042549,0.06043245270848274
13,21,6.9e-05,frozen_active_branch_energy,0.010329118595109321,0.01353978313439067,0.7628717899383225,-42.43190586566925,False,False,True,0.05193125084042549,0.06043245270848274
13,22,7.1e-05,current_trial_energy,0.8666118374094367,1.1371501634732277,0.7620909403578867,-47.23585024476051,True,False,True,0.04379966855049133,0.05193125084042549
13,22,7.1e-05,pre_step_history_energy,0.013577569916378707,0.017816206960815626,0.7620909403578867,-47.23585024476051,False,True,True,0.04379966855049133,0.05193125084042549
13,22,7.1e-05,post_step_committed_history_energy,0.007414378615067108,0.009728994562755501,0.7620909403578867,-47.23585024476051,False,False,True,0.04379966855049133,0.05193125084042549
13,22,7.1e-05,frozen_active_branch_energy,0.013577569916378707,0.017816206960815626,0.7620909403578867,-47.23585024476051,False,False,True,0.04379966855049133,0.05193125084042549
13,23,7.3e-05,current_trial_energy,0.8292074198834598,1.0898497568074346,0.7608456254672288,-51.309119910001755,True,False,True,0.04379966855049133,0.04971354827284813
13,23,7.3e-05,pre_step_history_energy,0.009299897101300303,0.01222310648837511,0.7608456254672288,-51.309119910001755,False,True,True,0.04379966855049133,0.04971354827284813
13,23,7.3e-05,post_step_committed_history_energy,0.0030753421924600843,0.0040420054864237975,0.7608456254672288,-51.309119910001755,False,False,True,0.04379966855049133,0.04971354827284813
13,23,7.3e-05,frozen_active_branch_energy,0.009299897101300303,0.01222310648837511,0.7608456254672288,-51.309119910001755,False,False,True,0.04379966855049133,0.04971354827284813
13,24,7.5e-05,current_trial_energy,0.7894276641309261,0.9874913468883105,0.7994274244716129,-55.941857397556305,True,False,True,0.038625024259090424,0.049898356199264526
13,24,7.5e-05,pre_step_history_energy,0.007034250756987603,0.008799111140873032,0.7994274244716129,-55.941857397556305,False,True,True,0.038625024259090424,0.049898356199264526
13,24,7.5e-05,post_step_committed_history_energy,0.003031796950381249,0.003792460525588219,0.7994274244716129,-55.941857397556305,False,False,True,0.038625024259090424,0.049898356199264526
13,24,7.5e-05,frozen_active_branch_energy,0.007034250756987603,0.008799111140873032,0.7994274244716129,-55.941857397556305,False,False,True,0.038625024259090424,0.049898356199264526
13,25,7.7e-05,current_trial_energy,0.739263603463769,0.8727799909527109,0.8470217135211844,-61.25044822692871,True,False,True,0.04102753475308418,0.04971354827284813
13,25,7.7e-05,pre_step_history_energy,0.0049249620133196,0.005814445999082909,0.8470217135211844,-61.25044822692871,False,True,True,0.04102753475308418,0.04971354827284813
13,25,7.7e-05,post_step_committed_history_energy,0.0034092049645551015,0.004024932194928715,0.8470217135211844,-61.25044822692871,False,False,True,0.04102753475308418,0.04971354827284813
13,25,7.7e-05,frozen_active_branch_energy,0.0049249620133196,0.005814445999082909,0.8470217135211844,-61.25044822692871,False,False,True,0.04102753475308418,0.04971354827284813
13,26,8e-05,current_trial_energy,0.7129446603357792,0.8351972644762437,0.8536242761557299,-66.92816317081451,True,False,True,0.047126226127147675,0.05618185177445412
13,26,8e-05,pre_step_history_energy,0.0052449063332460355,0.0061442797255793925,0.8536242761557299,-66.92816317081451,False,True,True,0.047126226127147675,0.05618185177445412
13,26,8e-05,post_step_committed_history_energy,0.0027856865472131176,0.0032633637831369668,0.8536242761557299,-66.92816317081451,False,False,True,0.047126226127147675,0.05618185177445412
13,26,8e-05,frozen_active_branch_energy,0.0052449063332460355,0.0061442797255793925,0.8536242761557299,-66.92816317081451,False,False,True,0.047126226127147675,0.05618185177445412
13,27,8.3e-05,current_trial_energy,0.6773817003704607,0.7706447767889044,0.8789804599636047,-73.95104318857193,True,False,True,0.04176677018404007,0.05082239955663681
13,27,8.3e-05,pre_step_history_energy,0.008484421414323151,0.009652571133008415,0.8789804599636047,-73.95104318857193,False,True,True,0.04176677018404007,0.05082239955663681
13,27,8.3e-05,post_step_committed_history_energy,0.005271730969980126,0.005997551948081313,0.8789804599636047,-73.95104318857193,False,False,True,0.04176677018404007,0.05082239955663681
13,27,8.3e-05,frozen_active_branch_energy,0.008484421414323151,0.009652571133008415,0.8789804599636047,-73.95104318857193,False,False,True,0.04176677018404007,0.05082239955663681
13,28,8.6e-05,current_trial_energy,0.6240212242119014,0.6784827756735411,0.9197303845958731,-81.94948732852936,True,False,True,0.04121234640479088,0.04416928440332413
13,28,8.6e-05,pre_step_history_energy,0.005340447387425229,0.005806535781430997,0.9197303845958731,-81.94948732852936,False,True,True,0.04121234640479088,0.04416928440332413
13,28,8.6e-05,post_step_committed_history_energy,0.0030391545351449167,0.0033043972299341973,0.9197303845958731,-81.94948732852936,False,False,True,0.04121234640479088,0.04416928440332413
13,28,8.6e-05,frozen_active_branch_energy,0.005340447387425229,0.005806535781430997,0.9197303845958731,-81.94948732852936,False,False,True,0.04121234640479088,0.04416928440332413
13,29,8.9e-05,current_trial_energy,0.5952076171524823,0.6645987177268691,0.8955894756888404,-87.87801861763,True,False,True,0.04176677018404007,0.05045277997851372
13,29,8.9e-05,pre_step_history_energy,0.005860965757165104,0.006544254835796454,0.8955894756888404,-87.87801861763,False,True,True,0.04176677018404007,0.05045277997851372
13,29,8.9e-05,post_step_committed_history_energy,0.0030159981179167517,0.003367612281952068,0.8955894756888404,-87.87801861763,False,False,True,0.04176677018404007,0.05045277997851372
13,29,8.9e-05,frozen_active_branch_energy,0.005860965757165104,0.006544254835796454,0.8955894756888404,-87.87801861763,False,False,True,0.04176677018404007,0.05045277997851372
13,30,9.2e-05,current_trial_energy,0.5809199647046626,0.6439813311538123,0.9020757848117064,-93.40191632509232,True,False,True,0.039179448038339615,0.04934392869472504
13,30,9.2e-05,pre_step_history_energy,0.004513426574703772,0.005003378486260859,0.9020757848117064,-93.40191632509232,False,True,True,0.039179448038339615,0.04934392869472504
13,30,9.2e-05,post_step_committed_history_energy,0.0024398027562710922,0.0027046538631788695,0.9020757848117064,-93.40191632509232,False,False,True,0.039179448038339615,0.04934392869472504
13,30,9.2e-05,frozen_active_branch_energy,0.004513426574703772,0.005003378486260859,0.9020757848117064,-93.40191632509232,False,False,True,0.039179448038339615,0.04934392869472504
13,31,9.5e-05,current_trial_energy,0.5505811423063278,0.5955871676167857,0.9244341924112514,-101.52079164981842,True,False,True,0.03954906761646271,0.04897431284189224
13,31,9.5e-05,pre_step_history_energy,0.005423521997727221,0.005866855685617553,0.9244341924112514,-101.52079164981842,False,True,True,0.03954906761646271,0.04897431284189224
13,31,9.5e-05,post_step_committed_history_energy,0.0030767550924792886,0.0033282575630981617,0.9244341924112514,-101.52079164981842,False,False,True,0.03954906761646271,0.04897431284189224
13,31,9.5e-05,frozen_active_branch_energy,0.005423521997727221,0.005866855685617553,0.9244341924112514,-101.52079164981842,False,False,True,0.03954906761646271,0.04897431284189224
13,32,9.8e-05,current_trial_energy,0.5323953810147941,0.5770456590054889,0.9226226256209128,-107.90063440799713,True,False,True,0.04287562519311905,0.049528736621141434
13,32,9.8e-05,pre_step_history_energy,0.0050294484026380815,0.00545125196691695,0.9226226256209128,-107.90063440799713,False,True,True,0.04287562519311905,0.049528736621141434
13,32,9.8e-05,post_step_committed_history_energy,0.002558152573328698,0.0027726965525120256,0.9226226256209128,-107.90063440799713,False,False,True,0.04287562519311905,0.049528736621141434
13,32,9.8e-05,frozen_active_branch_energy,0.0050294484026380815,0.00545125196691695,0.9226226256209128,-107.90063440799713,False,False,True,0.04287562519311905,0.049528736621141434
13,33,0.0001,current_trial_energy,0.5205663619562984,0.542918820290276,0.9588290965451763,-111.55984550714493,True,False,True,0.042506005614995956,0.04805026948451996
13,33,0.0001,pre_step_history_energy,0.009264996151614469,0.009662823317521151,0.9588290965451763,-111.55984550714493,False,True,True,0.042506005614995956,0.04805026948451996
13,33,0.0001,post_step_committed_history_energy,0.006285515610215953,0.006555407666354442,0.9588290965451763,-111.55984550714493,False,False,True,0.042506005614995956,0.04805026948451996
13,33,0.0001,frozen_active_branch_energy,0.009264996151614469,0.009662823317521151,0.9588290965451763,-111.55984550714493,False,False,True,0.042506005614995956,0.04805026948451996
42,0,1e-06,current_trial_energy,0.07883151556598023,2.117240291217175,0.037233145379384866,0.05417403735918924,True,False,False,1.0,1.0
42,0,1e-06,pre_step_history_energy,0.07883151556598023,2.117240291217175,0.037233145379384866,0.05417403735918924,False,True,False,1.0,1.0
42,0,1e-06,post_step_committed_history_energy,0.040804206946631894,1.0959108216848163,0.037233145379384866,0.05417403735918924,False,False,False,1.0,1.0
42,0,1e-06,frozen_active_branch_energy,0.07883151556598023,2.117240291217175,0.037233145379384866,0.05417403735918924,False,False,False,1.0,1.0
42,1,5e-06,current_trial_energy,0.4266359028406441,2.197457141873709,0.1941498174006997,0.2679198805708438,True,False,False,0.9988911747932434,0.9985215067863464
42,1,5e-06,pre_step_history_energy,0.42663587373681366,2.197456991969729,0.1941498174006997,0.2679198805708438,False,True,False,0.9988911747932434,0.9985215067863464
42,1,5e-06,post_step_committed_history_energy,0.21161574113648385,1.089961061872836,0.1941498174006997,0.2679198805708438,False,False,False,0.9988911747932434,0.9985215067863464
42,1,5e-06,frozen_active_branch_energy,0.42663587373681366,2.197456991969729,0.1941498174006997,0.2679198805708438,False,False,False,0.9988911747932434,0.9985215067863464
42,2,1e-05,current_trial_energy,0.8483928395435214,2.260241149479863,0.3753550101230382,0.527596625033766,True,False,False,0.9985215067863464,0.9979671239852905
42,2,1e-05,pre_step_history_energy,0.8483928395435214,2.260241149479863,0.3753550101230382,0.527596625033766,False,True,False,0.9985215067863464,0.9979671239852905
42,2,1e-05,post_step_committed_history_energy,0.4247632750775665,1.1316307592066848,0.3753550101230382,0.527596625033766,False,False,False,0.9985215067863464,0.9979671239852905
42,2,1e-05,frozen_active_branch_energy,0.8483928395435214,2.260241149479863,0.3753550101230382,0.527596625033766,False,False,False,0.9985215067863464,0.9979671239852905
42,3,1.5e-05,current_trial_energy,1.2411836069077253,2.335809114505462,0.5313720197425076,0.7652240456081927,True,False,False,0.9959341883659363,0.9963037967681885
42,3,1.5e-05,pre_step_history_energy,1.2411816278472543,2.335805390070607,0.5313720197425076,0.7652240456081927,False,True,False,0.9959341883659363,0.9963037967681885
42,3,1.5e-05,post_step_committed_history_energy,0.6211091531440616,1.168878168340589,0.5313720197425076,0.7652240456081927,False,False,False,0.9959341883659363,0.9963037967681885
42,3,1.5e-05,frozen_active_branch_energy,1.2411816278472543,2.335805390070607,0.5313720197425076,0.7652240456081927,False,False,False,0.9959341883659363,0.9963037967681885
42,4,2e-05,current_trial_energy,1.5858703991398215,2.4790925379971487,0.639697943837563,0.9579625329934061,True,False,False,0.9900203347206116,0.9865089654922485
42,4,2e-05,pre_step_history_energy,1.585787977091968,2.478963692737214,0.639697943837563,0.9579625329934061,False,True,False,0.9900203347206116,0.9865089654922485
42,4,2e-05,post_step_committed_history_energy,0.7986694690771401,1.2485102957903902,0.639697943837563,0.9579625329934061,False,False,False,0.9900203347206116,0.9865089654922485
42,4,2e-05,frozen_active_branch_energy,1.585787977091968,2.478963692737214,0.639697943837563,0.9579625329934061,False,False,False,0.9900203347206116,0.9865089654922485
42,5,2.5e-05,current_trial_energy,1.8161889165639877,2.628291641457786,0.6910149878027371,0.9427054901607335,True,False,False,0.8843097686767578,0.861763060092926
42,5,2.5e-05,pre_step_history_energy,1.7874499317258596,2.586702116852088,0.6910149878027371,0.9427054901607335,False,True,False,0.8843097686767578,0.861763060092926
42,5,2.5e-05,post_step_committed_history_energy,0.8812496089376509,1.2752973878899712,0.6910149878027371,0.9427054901607335,False,False,False,0.8843097686767578,0.861763060092926
42,5,2.5e-05,frozen_active_branch_energy,1.7874499317258596,2.586702116852088,0.6910149878027371,0.9427054901607335,False,False,False,0.8843097686767578,0.861763060092926
42,6,3e-05,current_trial_energy,1.9403161713853478,2.7292546221379976,0.7109326318060334,0.409427477279678,True,False,False,0.6821290254592896,0.7078174352645874
42,6,3e-05,pre_step_history_energy,1.8282063538208604,2.5715606121167007,0.7109326318060334,0.409427477279678,False,True,False,0.6821290254592896,0.7078174352645874
42,6,3e-05,post_step_committed_history_energy,0.9171765414066613,1.2901033098968768,0.7109326318060334,0.409427477279678,False,False,False,0.6821290254592896,0.7078174352645874
42,6,3e-05,frozen_active_branch_energy,1.8282063538208604,2.5715606121167007,0.7109326318060334,0.409427477279678,False,False,False,0.6821290254592896,0.7078174352645874
42,7,3.5e-05,current_trial_energy,1.9648780580610037,2.8131222541365046,0.698468776169178,-0.9295455529354513,True,False,False,0.5555350184440613,0.5849196314811707
42,7,3.5e-05,pre_step_history_energy,1.7131951171904802,2.452786975799649,0.698468776169178,-0.9295455529354513,False,True,False,0.5555350184440613,0.5849196314811707
42,7,3.5e-05,post_step_committed_history_energy,0.8412027964368463,1.2043527572563906,0.698468776169178,-0.9295455529354513,False,False,False,0.5555350184440613,0.5849196314811707
42,7,3.5e-05,frozen_active_branch_energy,1.7131951171904802,2.452786975799649,0.698468776169178,-0.9295455529354513,False,False,False,0.5555350184440613,0.5849196314811707
42,8,4e-05,current_trial_energy,1.8993676640093327,2.7956516311550574,0.6794006960103917,-3.1301917042583227,True,False,False,0.416743665933609,0.45906487107276917
42,8,4e-05,pre_step_history_energy,1.4617982087656856,2.1515995160878183,0.6794006960103917,-3.1301917042583227,False,True,False,0.416743665933609,0.45906487107276917
42,8,4e-05,post_step_committed_history_energy,0.7349005900323391,1.0816894865546305,0.6794006960103917,-3.1301917042583227,False,False,False,0.416743665933609,0.45906487107276917
42,8,4e-05,frozen_active_branch_energy,1.4617982087656856,2.1515995160878183,0.6794006960103917,-3.1301917042583227,False,False,False,0.416743665933609,0.45906487107276917
42,9,4.5e-05,current_trial_energy,1.7337314784526825,2.3744157221686146,0.7301718322810048,-6.9214641116559505,True,False,False,0.2694511115550995,0.3156532943248749
42,9,4.5e-05,pre_step_history_energy,0.9847382316365838,1.348639030021648,0.7301718322810048,-6.9214641116559505,False,True,False,0.2694511115550995,0.3156532943248749
42,9,4.5e-05,post_step_committed_history_energy,0.49902027240023017,0.6834285442665274,0.7301718322810048,-6.9214641116559505,False,False,False,0.2694511115550995,0.3156532943248749
42,9,4.5e-05,frozen_active_branch_energy,0.9847382316365838,1.348639030021648,0.7301718322810048,-6.9214641116559505,False,False,False,0.2694511115550995,0.3156532943248749
42,10,4.7e-05,current_trial_energy,1.6620337264612317,2.2527063004826506,0.7377942371382967,-8.704385720193386,True,False,False,0.22583626210689545,0.257068932056427
42,10,4.7e-05,pre_step_history_energy,0.7980763330124319,1.0817058372642663,0.7377942371382967,-8.704385720193386,False,True,False,0.22583626210689545,0.257068932056427
42,10,4.7e-05,post_step_committed_history_energy,0.3901872842106968,0.5288565084543453,0.7377942371382967,-8.704385720193386,False,False,False,0.22583626210689545,0.257068932056427
42,10,4.7e-05,frozen_active_branch_energy,0.7980763330124319,1.0817058372642663,0.7377942371382967,-8.704385720193386,False,False,False,0.22583626210689545,0.257068932056427
42,11,4.9e-05,current_trial_energy,1.5814421931281686,2.1551062175528664,0.7338117166790525,-10.91871503740549,True,False,False,0.17815561592578888,0.21308445930480957
42,11,4.9e-05,pre_step_history_energy,0.6068710354156792,0.8270119182099495,0.7338117166790525,-10.91871503740549,False,True,False,0.17815561592578888,0.21308445930480957
42,11,4.9e-05,post_step_committed_history_energy,0.32209247001446784,0.43893067212408865,0.7338117166790525,-10.91871503740549,False,False,False,0.17815561592578888,0.21308445930480957
42,11,4.9e-05,frozen_active_branch_energy,0.6063765613362193,0.8263380749498586,0.7338117166790525,-10.91871503740549,False,False,False,0.17815561592578888,0.21308445930480957
42,12,5.1e-05,current_trial_energy,1.4906692085787654,2.0493326681880686,0.7273924979182372,-13.33847176283598,True,False,False,0.14766216278076172,0.16706708073616028
42,12,5.1e-05,pre_step_history_energy,0.4469128034543246,0.614403921862499,0.7273924979182372,-13.33847176283598,False,True,False,0.14766216278076172,0.16706708073616028
42,12,5.1e-05,post_step_committed_history_energy,0.22111274302005768,0.30397996082290074,0.7273924979182372,-13.33847176283598,False,False,False,0.14766216278076172,0.16706708073616028
42,12,5.1e-05,frozen_active_branch_energy,0.4469128034543246,0.614403921862499,0.7273924979182372,-13.33847176283598,False,False,False,0.14766216278076172,0.16706708073616028
42,13,5.3e-05,current_trial_energy,1.398143358528614,1.8693907337011018,0.7479139236774265,-16.264673322439194,True,False,False,0.10238403081893921,0.1254851222038269
42,13,5.3e-05,pre_step_history_energy,0.2916083321906626,0.3898955788345941,0.7479139236774265,-16.264673322439194,False,True,False,0.10238403081893921,0.1254851222038269
42,13,5.3e-05,post_step_committed_history_energy,0.14779195771552622,0.19760557069033594,0.7479139236774265,-16.264673322439194,False,False,False,0.10238403081893921,0.1254851222038269
42,13,5.3e-05,frozen_active_branch_energy,0.2909294271375984,0.38898784730082864,0.7479139236774265,-16.264673322439194,False,False,False,0.10238403081893921,0.1254851222038269
42,14,5.5e-05,current_trial_energy,1.3148060534149408,1.746016190122935,0.7530319941204937,-19.290776923298836,True,False,True,0.07336906343698502,0.08741452544927597
42,14,5.5e-05,pre_step_history_energy,0.1125844064517878,0.14950813156787732,0.7530319941204937,-19.290776923298836,False,True,True,0.07336906343698502,0.08741452544927597
42,14,5.5e-05,post_step_committed_history_energy,0.058918551076203585,0.07824176334634719,0.7530319941204937,-19.290776923298836,False,False,True,0.07336906343698502,0.08741452544927597
42,14,5.5e-05,frozen_active_branch_energy,0.1125844064517878,0.14950813156787732,0.7530319941204937,-19.290776923298836,False,False,True,0.07336906343698502,0.08741452544927597
42,15,5.7e-05,current_trial_energy,1.2316132197156549,1.6497971815505499,0.7465240173086805,-22.485462948679924,True,False,True,0.06394381821155548,0.08242469280958176
42,15,5.7e-05,pre_step_history_energy,0.07958788046380505,0.10661127923349348,0.7465240173086805,-22.485462948679924,False,True,True,0.06394381821155548,0.08242469280958176
42,15,5.7e-05,post_step_committed_history_energy,0.046983517677290365,0.0629363779167779,0.7465240173086805,-22.485462948679924,False,False,True,0.06394381821155548,0.08242469280958176
42,15,5.7e-05,frozen_active_branch_energy,0.07958788046380505,0.10661127923349348,0.7465240173086805,-22.485462948679924,False,False,True,0.06394381821155548,0.08242469280958176
42,16,5.9e-05,current_trial_energy,1.18100899271667,1.5924291670255821,0.7416398902832312,-25.466008111834526,True,False,True,0.053409721702337265,0.07078173756599426
42,16,5.9e-05,pre_step_history_energy,0.04348266884335317,0.05863043427551773,0.7416398902832312,-25.466008111834526,False,True,True,0.053409721702337265,0.07078173756599426
42,16,5.9e-05,post_step_committed_history_energy,0.021698991986340843,0.029258124152483262,0.7416398902832312,-25.466008111834526,False,False,True,0.053409721702337265,0.07078173756599426
42,16,5.9e-05,frozen_active_branch_energy,0.04348266884335317,0.05863043427551773,0.7416398902832312,-25.466008111834526,False,False,True,0.053409721702337265,0.07078173756599426
42,17,6.1e-05,current_trial_energy,1.1086732847616076,1.4509325681730527,0.7641108271196903,-29.263339936733246,True,False,True,0.04805026948451996,0.06394381821155548
42,17,6.1e-05,pre_step_history_energy,0.024003831640584394,0.031414070824080126,0.7641108271196903,-29.263339936733246,False,True,True,0.04805026948451996,0.06394381821155548
42,17,6.1e-05,post_step_committed_history_energy,0.0099964336186531,0.013082439436612327,0.7641108271196903,-29.263339936733246,False,False,True,0.04805026948451996,0.06394381821155548
42,17,6.1e-05,frozen_active_branch_energy,0.024003831640584394,0.031414070824080126,0.7641108271196903,-29.263339936733246,False,False,True,0.04805026948451996,0.06394381821155548
42,18,6.3e-05,current_trial_energy,1.0539839277043939,1.3421156297967913,0.7853152919946076,-33.35406631231308,True,False,True,0.04786545783281326,0.06061726063489914
42,18,6.3e-05,pre_step_history_energy,0.01921121474879328,0.024463059543892336,0.7853152919946076,-33.35406631231308,False,True,True,0.04786545783281326,0.06061726063489914
42,18,6.3e-05,post_step_committed_history_energy,0.008441369573120028,0.010749019736620628,0.7853152919946076,-33.35406631231308,False,False,True,0.04786545783281326,0.06061726063489914
42,18,6.3e-05,frozen_active_branch_energy,0.01921121474879328,0.024463059543892336,0.7853152919946076,-33.35406631231308,False,False,True,0.04786545783281326,0.06061726063489914
42,19,6.5e-05,current_trial_energy,1.0000851470977068,1.3037115499449954,0.7671061494698741,-37.05839812755585,True,False,True,0.0399186834692955,0.05655146762728691
42,19,6.5e-05,pre_step_history_energy,0.02296640377608128,0.029939016643202154,0.7671061494698741,-37.05839812755585,False,True,True,0.0399186834692955,0.05655146762728691
42,19,6.5e-05,post_step_committed_history_energy,0.009092645086639095,0.011853177155368617,0.7671061494698741,-37.05839812755585,False,False,True,0.0399186834692955,0.05655146762728691
42,19,6.5e-05,frozen_active_branch_energy,0.02296640377608128,0.029939016643202154,0.7671061494698741,-37.05839812755585,False,False,True,0.0399186834692955,0.05655146762728691
42,20,6.7e-05,current_trial_energy,0.9585191146470606,1.2627556408396012,0.7590693588268155,-41.10199213027954,True,False,True,0.04361485689878464,0.060802068561315536
42,20,6.7e-05,pre_step_history_energy,0.0167453836183995,0.022060413088311765,0.7590693588268155,-41.10199213027954,False,True,True,0.04361485689878464,0.060802068561315536
42,20,6.7e-05,post_step_committed_history_energy,0.00707285153112025,0.009317793491298004,0.7590693588268155,-41.10199213027954,False,False,True,0.04361485689878464,0.060802068561315536
42,20,6.7e-05,frozen_active_branch_energy,0.0167453836183995,0.022060413088311765,0.7590693588268155,-41.10199213027954,False,False,True,0.04361485689878464,0.060802068561315536
42,21,6.9e-05,current_trial_energy,0.9133252897299826,1.2009241627981062,0.7605187055292238,-45.38596794009209,True,False,True,0.045462947338819504,0.05433376505970955
42,21,6.9e-05,pre_step_history_energy,0.009191560820909217,0.01208591025320418,0.7605187055292238,-45.38596794009209,False,True,True,0.045462947338819504,0.05433376505970955
42,21,6.9e-05,post_step_committed_history_energy,0.004045395598950563,0.005319258513353047,0.7605187055292238,-45.38596794009209,False,False,True,0.045462947338819504,0.05433376505970955
42,21,6.9e-05,frozen_active_branch_energy,0.009191560820909217,0.01208591025320418,0.7605187055292238,-45.38596794009209,False,False,True,0.045462947338819504,0.05433376505970955
42,22,7.1e-05,current_trial_energy,0.873892568051815,1.0324958462522007,0.846388458824226,-49.67990517616272,True,False,True,0.04176677018404007,0.05008316412568092
42,22,7.1e-05,pre_step_history_energy,0.01115374925575452,0.013178049794356751,0.846388458824226,-49.67990517616272,False,True,True,0.04176677018404007,0.05008316412568092
42,22,7.1e-05,post_step_committed_history_energy,0.004050000370625639,0.00478503732937446,0.846388458824226,-49.67990517616272,False,False,True,0.04176677018404007,0.05008316412568092
42,22,7.1e-05,frozen_active_branch_energy,0.01115374925575452,0.013178049794356751,0.846388458824226,-49.67990517616272,False,False,True,0.04176677018404007,0.05008316412568092
42,23,7.3e-05,current_trial_energy,0.841762637719512,1.0171057461423751,0.8276058226119603,-53.88110131025314,True,False,True,0.04453890398144722,0.05304010212421417
42,23,7.3e-05,pre_step_history_energy,0.014568017832061742,0.017602604324465043,0.8276058226119603,-53.88110131025314,False,True,True,0.04453890398144722,0.05304010212421417
42,23,7.3e-05,post_step_committed_history_energy,0.0037426480048452504,0.004522259151141891,0.8276058226119603,-53.88110131025314,False,False,True,0.04453890398144722,0.05304010212421417
42,23,7.3e-05,frozen_active_branch_energy,0.014568017832061742,0.017602604324465043,0.8276058226119603,-53.88110131025314,False,False,True,0.04453890398144722,0.05304010212421417
42,24,7.5e-05,current_trial_energy,0.8003141265362501,0.9263054784331244,0.8639850947335509,-58.80795046687126,True,False,True,0.04232119768857956,0.05082239955663681
42,24,7.5e-05,pre_step_history_energy,0.006286295047175372,0.007275929973206352,0.8639850947335509,-58.80795046687126,False,True,True,0.04232119768857956,0.05082239955663681
42,24,7.5e-05,post_step_committed_history_energy,0.0028345709779387107,0.0032808100454706102,0.8639850947335509,-58.80795046687126,False,False,True,0.04232119768857956,0.05082239955663681
42,24,7.5e-05,frozen_active_branch_energy,0.006286295047175372,0.007275929973206352,0.8639850947335509,-58.80795046687126,False,False,True,0.04232119768857956,0.05082239955663681
42,25,7.7e-05,current_trial_energy,0.7672037463635206,0.8957646892993847,0.8564791127942127,-63.68565559387207,True,False,True,0.04731103405356407,0.05599704384803772
42,25,7.7e-05,pre_step_history_energy,0.00865524634718895,0.01010561287239302,0.8564791127942127,-63.68565559387207,False,True,True,0.04731103405356407,0.05599704384803772
42,25,7.7e-05,post_step_committed_history_energy,0.006440860943257576,0.007520161142336146,0.8564791127942127,-63.68565559387207,False,False,True,0.04731103405356407,0.05599704384803772
42,25,7.7e-05,frozen_active_branch_energy,0.00865524634718895,0.01010561287239302,0.8564791127942127,-63.68565559387207,False,False,True,0.04731103405356407,0.05599704384803772
42,26,8e-05,current_trial_energy,0.7329662912525237,0.878765759681578,0.8340860840073184,-70.28023153543472,True,False,True,0.04472371190786362,0.05488819256424904
42,26,8e-05,pre_step_history_energy,0.0056470280469511636,0.006770318022595873,0.8340860840073184,-70.28023153543472,False,True,True,0.04472371190786362,0.05488819256424904
42,26,8e-05,post_step_committed_history_energy,0.002229919800811331,0.0026734887963815557,0.8340860840073184,-70.28023153543472,False,False,True,0.04472371190786362,0.05488819256424904
42,26,8e-05,frozen_active_branch_energy,0.0056470280469511636,0.006770318022595873,0.8340860840073184,-70.28023153543472,False,False,True,0.04472371190786362,0.05488819256424904
42,27,8.3e-05,current_trial_energy,0.6996783195063472,0.818752371716772,0.8545664643868468,-76.53973996639252,True,False,True,0.03733136132359505,0.049528736621141434
42,27,8.3e-05,pre_step_history_energy,0.0047866096792859025,0.005601214040993645,0.8545664643868468,-76.53973996639252,False,True,True,0.03733136132359505,0.049528736621141434
42,27,8.3e-05,post_step_committed_history_energy,0.0018525379346101545,0.0021678102427519835,0.8545664643868468,-76.53973996639252,False,False,True,0.03733136132359505,0.049528736621141434
42,27,8.3e-05,frozen_active_branch_energy,0.0047866096792859025,0.005601214040993645,0.8545664643868468,-76.53973996639252,False,False,True,0.03733136132359505,0.049528736621141434
42,28,8.6e-05,current_trial_energy,0.6594050209969282,0.7709913063977463,0.8552690744047743,-83.77949893474579,True,False,True,0.042506005614995956,0.048235077410936356
42,28,8.6e-05,pre_step_history_energy,0.005723272352042841,0.006691779842531966,0.8552690744047743,-83.77949893474579,False,True,True,0.042506005614995956,0.048235077410936356
42,28,8.6e-05,post_step_committed_history_energy,0.002822958094839123,0.0033006666314969527,0.8552690744047743,-83.77949893474579,False,False,True,0.042506005614995956,0.048235077410936356
42,28,8.6e-05,frozen_active_branch_energy,0.005723272352042841,0.006691779842531966,0.8552690744047743,-83.77949893474579,False,False,True,0.042506005614995956,0.048235077410936356
42,29,8.9e-05,current_trial_energy,0.6309593445621431,0.7418042592264157,0.8505739037143487,-90.17553180456161,True,False,True,0.0401034913957119,0.04786545783281326
42,29,8.9e-05,pre_step_history_energy,0.010388452210463583,0.012213462187234438,0.8505739037143487,-90.17553180456161,False,True,True,0.0401034913957119,0.04786545783281326
42,29,8.9e-05,post_step_committed_history_energy,0.005667798177455552,0.006663498789117552,0.8505739037143487,-90.17553180456161,False,False,True,0.0401034913957119,0.04786545783281326
42,29,8.9e-05,frozen_active_branch_energy,0.010388452210463583,0.012213462187234438,0.8505739037143487,-90.17553180456161,False,False,True,0.0401034913957119,0.04786545783281326
42,30,9.2e-05,current_trial_energy,0.5823287065140903,0.6982483613105469,0.8339850671774063,-98.80763292312622,True,False,True,0.04786545783281326,0.05488819256424904
42,30,9.2e-05,pre_step_history_energy,0.005886462531634606,0.0070582349292621464,0.8339850671774063,-98.80763292312622,False,True,True,0.04786545783281326,0.05488819256424904
42,30,9.2e-05,post_step_committed_history_energy,0.003523563464113977,0.0042249718883329125,0.8339850671774063,-98.80763292312622,False,False,True,0.04786545783281326,0.05488819256424904
42,30,9.2e-05,frozen_active_branch_energy,0.005886462531634606,0.0070582349292621464,0.8339850671774063,-98.80763292312622,False,False,True,0.04786545783281326,0.05488819256424904
42,31,9.5e-05,current_trial_energy,0.5789917195215821,0.6455819741504545,0.8968523637660407,-103.23268920183182,True,False,True,0.04527813568711281,0.054518572986125946
42,31,9.5e-05,pre_step_history_energy,0.006363127795339096,0.007094955705551362,0.8968523637660407,-103.23268920183182,False,True,True,0.04527813568711281,0.054518572986125946
42,31,9.5e-05,post_step_committed_history_energy,0.0034490099096728954,0.0038456830232234617,0.8968523637660407,-103.23268920183182,False,False,True,0.04527813568711281,0.054518572986125946
42,31,9.5e-05,frozen_active_branch_energy,0.006363127795339096,0.007094955705551362,0.8968523637660407,-103.23268920183182,False,False,True,0.04527813568711281,0.054518572986125946
42,32,9.8e-05,current_trial_energy,0.564620248042047,0.6161482540569702,0.9163707668152237,-109.94958877563477,True,False,True,0.05433376505970955,0.06061726063489914
42,32,9.8e-05,pre_step_history_energy,0.0050426497182343155,0.005502848738572989,0.9163707668152237,-109.94958877563477,False,True,True,0.05433376505970955,0.06061726063489914
42,32,9.8e-05,post_step_committed_history_energy,0.002631354163895594,0.0028714950969471274,0.9163707668152237,-109.94958877563477,False,False,True,0.05433376505970955,0.06061726063489914
42,32,9.8e-05,frozen_active_branch_energy,0.0050426497182343155,0.005502848738572989,0.9163707668152237,-109.94958877563477,False,False,True,0.05433376505970955,0.06061726063489914
42,33,0.0001,current_trial_energy,0.5477693630382419,0.6322421733688148,0.866391686779654,-114.45561796426773,True,False,True,0.04527813568711281,0.05599704384803772
42,33,0.0001,pre_step_history_energy,0.008283553142973687,0.009560979484652432,0.866391686779654,-114.45561796426773,False,True,True,0.04527813568711281,0.05599704384803772
42,33,0.0001,post_step_committed_history_energy,0.0039059677874320187,0.004508316327399628,0.866391686779654,-114.45561796426773,False,False,True,0.04527813568711281,0.05599704384803772
42,33,0.0001,frozen_active_branch_energy,0.008283553142973687,0.009560979484652432,0.866391686779654,-114.45561796426773,False,False,True,0.04527813568711281,0.05599704384803772
