group,case,seed,step,Delta,strain,mechanics_current_energy_proxy,history_elastic_energy_proxy,fracture_energy_proxy,saved_field_energy_fd_proxy_N,saved_field_history_energy_fd_proxy_N,saved_field_virtual_work_proxy_N,legacy_top_sigma_integral_N,alpha0p8_through_crack,method,exact_autograd_available
D0040,D0040_seed7_default_unitbox,7,0,1e-06,9.999999999999999e-05,3.601863236485423e-11,3.601863236485423e-11,1.2220206359406058e-15,0.2529407527755034,0.25294075294133245,0.054218956884240346,0.03724019689017172,False,saved_field_proxy,False
D0040,D0040_seed7_default_unitbox,7,1,5e-06,0.0005,1.047781643466868e-09,1.0477816441301843e-09,1.7352510198614273e-12,0.42058675928369954,0.42058677792823324,0.2691335371272752,0.19506772747907813,False,saved_field_proxy,False
D0040,D0040_seed7_default_unitbox,7,2,1e-05,0.001,4.198502980561592e-09,4.198503189939481e-09,4.454600460306163e-11,0.8199533457681762,0.819953602151375,0.5298277181035735,0.3810431370806624,False,saved_field_proxy,False
D0040,D0040_seed7_default_unitbox,7,3,1.5e-05,0.0015,9.247315101148629e-09,9.247317665643932e-09,2.299145187486273e-10,1.158663281060197,1.1586650799814828,0.7674337640095772,0.5324371788664786,False,saved_field_proxy,False
D0040,D0040_seed7_default_unitbox,7,4,2e-05,0.002,1.5785135791163563e-08,1.578515398975431e-08,7.727337203725058e-10,1.3338379899113004,1.3352057528920356,0.9621470715869966,0.6410798690604063,False,saved_field_proxy,False
D0040,D0040_seed7_default_unitbox,7,5,2.5e-05,0.0025,2.2585695000261637e-08,2.259937519456429e-08,2.4414483802992027e-09,1.3224565307411633,1.331389447763788,0.9398889472767191,0.6861076338200538,False,saved_field_proxy,False
D0040,D0040_seed7_default_unitbox,7,6,3e-05,0.003,2.9009701098575193e-08,2.9099048467392188e-08,5.042766028636881e-09,1.1702045918102364,1.1961606896744459,0.4658370625149415,0.6936550439547586,False,saved_field_proxy,False
D0040,D0040_seed7_default_unitbox,7,7,3.5e-05,0.0034999999999999996,3.428774091836399e-08,3.456098209130874e-08,8.575085560321367e-09,0.8801741061312904,0.924469464430477,-0.7361010087978155,0.6877238004177538,False,saved_field_proxy,False
D0040,D0040_seed7_default_unitbox,7,8,4e-05,0.004,3.781144215988809e-08,3.8343743111696954e-08,1.2775909237514663e-08,0.4927408603002015,0.5625931098569747,-2.9465785305114482,0.6701765399544242,False,saved_field_proxy,False
D0040,D0040_seed7_default_unitbox,7,9,4.5e-05,0.0045000000000000005,3.921514952136602e-08,4.018691318987849e-08,1.7172602468919034e-08,0.10614402993354248,0.21033971591893214,-6.195500022566741,0.6897196215662094,False,saved_field_proxy,False
D0040,D0040_seed7_default_unitbox,7,10,4.7e-05,0.004699999999999999,3.9287759627343465e-08,4.0480957181942445e-08,1.8710994715735322e-08,-0.01823949092681111,0.09380333305263056,-7.978900490743485,0.7131088285804633,False,saved_field_proxy,False
D0040,D0040_seed7_default_unitbox,7,11,4.9e-05,0.0049,3.914219155765878e-08,4.056212652208901e-08,2.0123006085310365e-08,-0.15061443841029448,-0.02327725664955267,-10.017037856168596,0.7150322508260157,False,saved_field_proxy,False
D0040,D0040_seed7_default_unitbox,7,12,5.1e-05,0.0050999999999999995,3.868530187370228e-08,4.0387848155344236e-08,2.1444212933883713e-08,-0.3202980915640169,-0.13205261188417755,-12.23308953483698,0.7128582664111426,False,saved_field_proxy,False
D0040,D0040_seed7_default_unitbox,7,13,5.3e-05,0.0053,3.7860999191402705e-08,4.00339160745523e-08,2.2585660889606728e-08,-0.3962776814245249,-0.17493139628655363,-14.832742213549441,0.7155696064505835,False,saved_field_proxy,False
D0040,D0040_seed7_default_unitbox,7,14,5.5e-05,0.0055,3.7100191148004184e-08,3.968812257019802e-08,2.3382333236002964e-08,-0.25567347467117874,-0.1384619672799639,-17.608340665019888,0.7072629693601249,True,saved_field_proxy,False
D0040,D0040_seed7_default_unitbox,7,15,5.7e-05,0.0057,3.6838305292717993e-08,3.9480068205432445e-08,2.3812387551410067e-08,-0.23737530417944874,-0.0914128427035605,-20.22730336295359,0.704153397087716,True,saved_field_proxy,False
D0040,D0040_seed7_default_unitbox,7,16,5.9e-05,0.0059,3.6150689931286395e-08,3.932247119938379e-08,2.413056514529206e-08,-0.31032832325581305,-0.06774209893191906,-23.434065092073947,0.6886949317820551,True,saved_field_proxy,False
D0040,D0040_seed7_default_unitbox,7,17,6.1e-05,0.0060999999999999995,3.5596991999694746e-08,3.9209099809704773e-08,2.4345087734434368e-08,-0.19605453589022562,-0.045545871830166354,-26.84778182860828,0.692692500707405,True,saved_field_proxy,False
D0040,D0040_seed7_default_unitbox,7,18,6.3e-05,0.0063,3.5366471787725495e-08,3.9140287712063125e-08,2.448810991122388e-08,-0.2824903417332006,-0.030085746280005682,-30.131356991637215,0.6808298386039698,True,saved_field_proxy,False
D0040,D0040_seed7_default_unitbox,7,19,6.5e-05,0.0065,3.446703063276195e-08,3.908875682458475e-08,2.4585260613936278e-08,-0.3344213684007991,-0.02523503234380664,-34.4831081097568,0.7012043757700963,True,saved_field_proxy,False
D0040,D0040_seed7_default_unitbox,7,20,6.7e-05,0.0067,3.4028786314122305e-08,3.9039347582687905e-08,2.468335481630531e-08,-0.18029700910343616,-0.01663141325232778,-38.275005251089766,0.7002755900550559,True,saved_field_proxy,False
D0040,D0040_seed7_default_unitbox,7,21,6.9e-05,0.0069,3.37458425963482e-08,3.902223117157543e-08,2.4731096108015447e-08,-0.17698011480803827,-0.011774279119544304,-42.15222135941872,0.7261497185135061,True,saved_field_proxy,False
D0040,D0040_seed7_default_unitbox,7,22,7.1e-05,0.0071,3.3320865854890155e-08,3.899225046620973e-08,2.4786785792786912e-08,-0.3335018612441957,-0.01335807111741208,-46.208297055391824,0.7216868306905438,True,saved_field_proxy,False
D0040,D0040_seed7_default_unitbox,7,23,7.3e-05,0.0073,3.2411835151371415e-08,3.8968798887105776e-08,2.4839696899172135e-08,-0.3491502519142719,-0.005001570248063317,-51.1933978674549,0.7347203069397402,True,saved_field_proxy,False
D0040,D0040_seed7_default_unitbox,7,24,7.5e-05,0.007499999999999999,3.192426484723307e-08,3.897224418521748e-08,2.48504851111929e-08,-0.21472999417939537,-0.005003709465725703,-55.645829463816355,0.7544236570216236,True,saved_field_proxy,False
D0040,D0040_seed7_default_unitbox,7,25,7.7e-05,0.0077,3.155291517465384e-08,3.894878404924288e-08,2.4898879893816143e-08,-0.10387711732772441,-0.00745611740449615,-59.86387244013153,0.7680470429742193,True,saved_field_proxy,False
D0040,D0040_seed7_default_unitbox,7,26,8e-05,0.008,3.160937355799917e-08,3.8945648474652e-08,2.492074048219542e-08,-0.13296898426670872,0.0006668839607724963,-65.39945821001041,0.7712236651020162,True,saved_field_proxy,False
D0040,D0040_seed7_default_unitbox,7,27,8.3e-05,0.0083,3.075510126905359e-08,3.895278535300752e-08,2.4936929461563014e-08,-0.25079222993953065,0.00023136108167048225,-72.8105893720894,0.7906915984136228,True,saved_field_proxy,False
D0040,D0040_seed7_default_unitbox,7,28,8.6e-05,0.0086,3.010462017836199e-08,3.8947036641142024e-08,2.4961186193062328e-08,-0.15937208871496036,-0.000589545686816538,-79.64872011229646,0.7836327985446447,True,saved_field_proxy,False
D0040,D0040_seed7_default_unitbox,7,29,8.9e-05,0.0089,2.9798868736763828e-08,3.894924807888662e-08,2.4985051886147097e-08,-0.04730058856972259,0.0024221654170821297,-86.55277164145319,0.7920156979097943,True,saved_field_proxy,False
D0040,D0040_seed7_default_unitbox,7,30,9.2e-05,0.0092,2.9820816646943655e-08,3.8961569633644516e-08,2.4986942461099576e-08,-0.0852457901378027,0.0034083712514357267,-92.50067568467058,0.7920017163011058,True,saved_field_proxy,False
D0040,D0040_seed7_default_unitbox,7,31,9.5e-05,0.0095,2.928739399593701e-08,3.896969830639524e-08,2.500665225252185e-08,-0.1461265113534664,0.0029798780773384465,-99.89199122062102,0.7958803769827807,True,saved_field_proxy,False
D0040,D0040_seed7_default_unitbox,7,32,9.8e-05,0.0098,2.8944057578822856e-08,3.897944890210855e-08,2.5013946681924852e-08,-0.03644741198054538,0.0031994719211520667,-106.6423160927572,0.7773010326264428,True,saved_field_proxy,False
D0040,D0040_seed7_default_unitbox,7,33,0.0001,0.01,2.8975160168716216e-08,3.898578021041758e-08,2.5023694107782224e-08,-0.06892743782073354,0.003721210301520922,-110.92317713675307,0.7899184746855936,True,saved_field_proxy,False
D0040,D0040_seed7_default_unitbox,7,34,0.000102,0.010199999999999999,2.8668347827539924e-08,3.8994333743314625e-08,2.501850605131842e-08,-0.21495508212379927,0.004584412958976228,-116.14818063672966,0.7853725615123062,True,saved_field_proxy,False
D0040,D0040_seed7_default_unitbox,7,35,0.000104,0.0104,2.8115339840221022e-08,3.9004117862253485e-08,2.502896763925931e-08,-0.1458696335101409,0.0063699750909411434,-121.96509216956895,0.7851210021431504,True,saved_field_proxy,False
D0040,D0040_seed7_default_unitbox,7,36,0.000106,0.0106,2.8084869293499362e-08,3.9019813643678394e-08,2.502947654792404e-08,-0.09661353351351522,0.008104206348375984,-126.64199743073324,0.8201037523245984,True,saved_field_proxy,False
D0040,D0040_seed7_default_unitbox,7,37,0.000108,0.010799999999999999,2.7728885706166964e-08,3.903653468764699e-08,2.501875662957927e-08,-0.14003874791938298,0.004994596493170314,-131.48763422994847,0.7978046941848906,True,saved_field_proxy,False
D0040,D0040_seed7_default_unitbox,7,38,0.00011,0.011,2.7524714301821835e-08,3.9039792029651074e-08,2.502945675598557e-08,-0.06545740674737503,0.006040405461661333,-136.00535000572071,0.8686503545665113,True,saved_field_proxy,False
D0040,D0040_seed7_default_unitbox,7,39,0.000112,0.0112,2.7467056079177465e-08,3.906069630949363e-08,2.5023267528475368e-08,-0.04829504082628665,0.0074967027583602505,-140.69874007590957,0.883328128042474,True,saved_field_proxy,False
D0040,D0040_seed7_default_unitbox,7,40,0.000115,0.0115,2.7234574273930146e-08,3.906988695053557e-08,2.503236643766554e-08,-0.06545644814597712,0.004250812747784785,-147.40583250820364,0.8531762138052142,True,saved_field_proxy,False
D0040,D0040_seed7_default_unitbox,7,41,0.000118,0.0118,2.70743173903016e-08,3.9086201185980336e-08,2.5044404453286762e-08,-0.22956517504711324,0.010456422665276743,-154.03017132849422,0.9313885336544527,True,saved_field_proxy,False
D0040,D0040_seed7_default_unitbox,7,42,0.00012,0.012,2.6380325421757236e-08,3.911380515688913e-08,2.5026407873686883e-08,-0.24439214827522712,0.01085271560681035,-159.55934669101455,0.9059424364425941,True,saved_field_proxy,False
D0040,D0040_seed7_default_unitbox,7,43,0.000125,0.0125,2.6440912630342977e-08,3.9131202861828296e-08,2.5058028717889593e-08,0.00047541774401234013,0.004281787899359547,-170.6018537623203,0.9152429867943465,True,saved_field_proxy,False
D0040,D0040_seed7_default_unitbox,7,44,0.00013,0.013,2.6385079599197357e-08,3.9156623035882724e-08,2.5063911115024692e-08,0.08676914340390073,0.006502187345963639,-182.2099833396148,0.8858057874147454,True,saved_field_proxy,False
D0040,D0040_seed7_default_unitbox,7,45,0.000135,0.0135,2.7308604064381984e-08,3.9196224735287935e-08,2.5064633811943256e-08,0.010426995655579262,0.0075109896215553446,-191.2500524913818,0.9419055049257212,True,saved_field_proxy,False
D0040,D0040_seed7_default_unitbox,7,46,0.00014,0.013999999999999999,2.648934955575316e-08,3.923173293209828e-08,2.5068427833341517e-08,-0.07930759478232347,0.008120061583236256,-204.37547821068864,0.931469931036719,True,saved_field_proxy,False
D0040,D0040_seed7_default_unitbox,7,47,0.000145,0.014499999999999999,2.6515528116558754e-08,3.92774253511203e-08,2.5068827546563274e-08,-0.014928970894135911,0.010301600253627939,-216.2822518362887,0.9554738527531481,True,saved_field_proxy,False
D0040,D0040_seed7_default_unitbox,7,48,0.00015,0.014999999999999998,2.6340059846811804e-08,3.9334748934634564e-08,2.5060434831485373e-08,-0.03190874768419687,0.010325515075957845,-228.13972235503712,0.8801520975021182,True,saved_field_proxy,False
D0040,D0040_seed7_default_unitbox,7,49,0.000155,0.0155,2.6196440639716783e-08,3.9380680501879877e-08,2.507053038413409e-08,-0.061324205720451275,0.00822896664763248,-240.8894681667414,0.8762546454148221,True,saved_field_proxy,False
D0040,D0040_seed7_default_unitbox,7,50,0.00016,0.016,2.572681778960729e-08,3.941703860111089e-08,2.5086113198287458e-08,-0.061407940011732276,0.008427745052842208,-253.3933219957196,0.9322794341513233,True,saved_field_proxy,False
D0040,D0040_seed7_default_unitbox,7,51,0.00017,0.017,2.576307098969328e-08,3.9524438555772116e-08,2.5079871686283546e-08,-0.0019200305387350423,0.0090552508833679,-276.5094414001007,0.9298018151559574,True,saved_field_proxy,False
D0040,D0040_seed7_default_unitbox,7,52,0.00018,0.018000000000000002,2.568841717883259e-08,3.959814361877825e-08,2.5109283688969086e-08,-0.0064971403695363635,0.008753229696103083,-299.2765028028815,0.9497928883166102,True,saved_field_proxy,False
D0040,D0040_seed7_default_unitbox,7,53,0.00019,0.019,2.563312818230255e-08,3.9699503149694176e-08,2.512828741581001e-08,-0.04902348618516573,0.011446729897988863,-321.89090589142023,0.9684229232080865,True,saved_field_proxy,False
D0040,D0040_seed7_default_unitbox,7,54,0.0002,0.02,2.4707947455129277e-08,3.9827078216738025e-08,2.5121652370535337e-08,-0.09251807271732733,0.012757506704384866,-346.6620089911002,0.9327040022643978,True,saved_field_proxy,False
D0040,D0040_seed13_default_unitbox,13,0,1e-06,9.999999999999999e-05,3.601073251772688e-11,3.601073251772688e-11,6.072019970965966e-15,0.25327316239533537,0.25327316628393126,0.05400784070670412,0.03744230257884912,False,saved_field_proxy,False
D0040,D0040_seed13_default_unitbox,13,1,5e-06,0.0005,1.0491033820990686e-09,1.0491033976534523e-09,9.82905604522489e-13,0.4204905406614143,0.4204906032909384,0.2695150957735603,0.1916362712645624,False,saved_field_proxy,False
D0040,D0040_seed13_default_unitbox,13,2,1e-05,0.001,4.196664699569133e-09,4.19666539540194e-09,4.6083089793796305e-11,0.8194340804820748,0.8194344015857515,0.528502621483726,0.374724307657355,False,saved_field_proxy,False
D0040,D0040_seed13_default_unitbox,13,3,1.5e-05,0.0015,9.243444186919814e-09,9.243447413510965e-09,2.338167238894144e-10,1.1562835430503606,1.156286478786312,0.7649357030476781,0.5270640479271921,False,saved_field_proxy,False
D0040,D0040_seed13_default_unitbox,13,4,2e-05,0.002,1.575950013007274e-08,1.575953018326506e-08,7.962832224283292e-10,1.331771600852385,1.3333805662725027,0.9546115425715627,0.6375848130513062,False,saved_field_proxy,False
D0040,D0040_seed13_default_unitbox,13,5,2.5e-05,0.0025,2.256116019544367e-08,2.2577253076235998e-08,2.460041594014341e-09,1.3278793581543182,1.3360288819159774,0.9285786585439331,0.6888980877150641,False,saved_field_proxy,False
D0040,D0040_seed13_default_unitbox,13,6,3e-05,0.003,2.903829371161592e-08,2.911981900242483e-08,5.024429578545377e-09,1.1768585077215639,1.2023334655394333,0.4874037861855119,0.6947876467664138,False,saved_field_proxy,False
D0040,D0040_seed13_default_unitbox,13,7,3.5e-05,0.0034999999999999996,3.43297452726593e-08,3.4600587731630324e-08,8.549392036962743e-09,0.8850630346179887,0.9395325331133151,-0.6807285665628187,0.6859508832276519,False,saved_field_proxy,False
D0040,D0040_seed13_default_unitbox,13,8,4e-05,0.004,3.78889240577958e-08,3.851514433355798e-08,1.2719164539426757e-08,0.44823440938146236,0.5430007623909837,-2.7262340452771467,0.685814094410136,False,saved_field_proxy,False
D0040,D0040_seed13_default_unitbox,13,9,4.5e-05,0.0045000000000000005,3.8812089366473935e-08,4.003059535554017e-08,1.74666621216763e-08,0.07139679791046648,0.1613175448731668,-6.183524013476213,0.7361579979257612,False,saved_field_proxy,False
D0040,D0040_seed13_default_unitbox,13,10,4.7e-05,0.004699999999999999,3.886429395123473e-08,4.0239812317667876e-08,1.8984307743568126e-08,-0.018364618245166747,0.051468170058263304,-7.8628642243230065,0.7570225609060944,False,saved_field_proxy,False
D0040,D0040_seed13_default_unitbox,13,11,4.9e-05,0.0049,3.873863089349327e-08,4.0236468035773226e-08,2.035079928583402e-08,-0.1992178205018572,-0.05278646649551494,-9.630379177853738,0.7596229805484553,False,saved_field_proxy,False
D0040,D0040_seed13_default_unitbox,13,12,5.1e-05,0.0050999999999999995,3.806742266922729e-08,4.002866645168581e-08,2.1580340333281215e-08,-0.4042791857144113,-0.14486401996198667,-11.98565099918784,0.7773960692541569,False,saved_field_proxy,False
D0040,D0040_seed13_default_unitbox,13,13,5.3e-05,0.0053,3.712151415063562e-08,3.9657011955925275e-08,2.2633892731513424e-08,-0.3668327671747778,-0.16455987356548024,-14.42204597533391,0.7797359786197644,False,saved_field_proxy,False
D0040,D0040_seed13_default_unitbox,13,14,5.5e-05,0.0055,3.6600091600528184e-08,3.937042695742389e-08,2.3296904074946705e-08,-0.3121347093424081,-0.1194911739105034,-16.985382978025335,0.7813714869508857,True,saved_field_proxy,False
D0040,D0040_seed13_default_unitbox,13,15,5.7e-05,0.0057,3.587297531326599e-08,3.917904726028327e-08,2.3715363626700504e-08,-0.49060546404744443,-0.08989143930514427,-19.9643591516044,0.7718715268457221,True,saved_field_proxy,False
D0040,D0040_seed13_default_unitbox,13,16,5.9e-05,0.0059,3.4637669744338414e-08,3.9010861200203314e-08,2.405834268711039e-08,-0.500107642862185,-0.061992859843176124,-23.634466312294464,0.7737341137141779,True,saved_field_proxy,False
D0040,D0040_seed13_default_unitbox,13,17,6.1e-05,0.0060999999999999995,3.3872544741817256e-08,3.8931075820910564e-08,2.4230088107594857e-08,-0.35877629518333076,-0.04213128976928229,-27.513938858859962,0.773297351631869,True,saved_field_proxy,False
D0040,D0040_seed13_default_unitbox,13,18,6.3e-05,0.0063,3.3202564563605085e-08,3.884233604112619e-08,2.43940180518171e-08,-0.3907786065938685,-0.035218747115556975,-30.86938007419381,0.775515057348396,True,saved_field_proxy,False
D0040,D0040_seed13_default_unitbox,13,19,6.5e-05,0.0065,3.230943031544178e-08,3.879020083244834e-08,2.4497189097311865e-08,-0.254702972166853,-0.020965308379432626,-34.924215154397686,0.7351456846633146,True,saved_field_proxy,False
D0040,D0040_seed13_default_unitbox,13,20,6.7e-05,0.0067,3.218375267493768e-08,3.8758474807608455e-08,2.456648676030715e-08,-0.1860038515689496,-0.015454478378976871,-38.4249289959857,0.749803256529474,True,saved_field_proxy,False
D0040,D0040_seed13_default_unitbox,13,21,6.9e-05,0.0069,3.156541490916598e-08,3.8728382918932436e-08,2.4647612668005998e-08,-0.378404366017257,-0.011183909872631778,-42.43191348155365,0.7628717342399414,True,saved_field_proxy,False
D0040,D0040_seed13_default_unitbox,13,22,7.1e-05,0.0071,3.067013521086865e-08,3.871373916811793e-08,2.4678048997136284e-08,-0.34823047395120005,-0.006925840547403889,-47.23586533210401,0.7620886119255275,True,saved_field_proxy,False
D0040,D0040_seed13_default_unitbox,13,23,7.3e-05,0.0073,3.017249301336118e-08,3.8700679556742816e-08,2.471038184480226e-08,-0.28966655218816156,-0.010977865837676418,-51.30913701786959,0.7608506459107669,True,saved_field_proxy,False
D0040,D0040_seed13_default_unitbox,13,24,7.5e-05,0.007499999999999999,2.9511469002116007e-08,3.866982770476723e-08,2.4772567606260517e-08,-0.45008761753253473,-0.00803271361795449,-55.94187560460548,0.7994232580296121,True,saved_field_proxy,False
D0040,D0040_seed13_default_unitbox,13,25,7.7e-05,0.0077,2.8372142543231038e-08,3.8668548702271e-08,2.479010312126765e-08,-0.3343006998427224,-0.00145057847934435,-61.25043918895208,0.8470172539580134,True,saved_field_proxy,False
D0040,D0040_seed13_default_unitbox,13,26,8e-05,0.008,2.842837182690179e-08,3.866054711929243e-08,2.4812974697883085e-08,-0.05826261241147993,-0.0001755293008425668,-66.92819240773228,0.8536250137454936,True,saved_field_proxy,False
D0040,D0040_seed13_default_unitbox,13,27,8.3e-05,0.0083,2.8022566868762154e-08,3.8667495526465944e-08,2.4818847911391635e-08,-0.2803160001786046,0.0008600040856425115,-73.95109345915768,0.8789771545000438,True,saved_field_proxy,False
D0040,D0040_seed13_default_unitbox,13,28,8.6e-05,0.0086,2.674647582583016e-08,3.866570714380629e-08,2.484895684568441e-08,-0.2703770283191539,0.0013024623856860637,-81.94951503115787,0.9197302442778771,True,saved_field_proxy,False
D0040,D0040_seed13_default_unitbox,13,29,8.9e-05,0.0089,2.6400304698847226e-08,3.8675310300780056e-08,2.4851548744217353e-08,-0.018246635684298143,0.003566575085135748,-87.87800950617812,0.8955890853931986,True,saved_field_proxy,False
D0040,D0040_seed13_default_unitbox,13,30,9.2e-05,0.0092,2.663699601172437e-08,3.868710659431711e-08,2.4851673553611485e-08,-0.05535268589884363,0.0029610461720844944,-93.40191680360583,0.9020765583058227,True,saved_field_proxy,False
D0040,D0040_seed13_default_unitbox,13,31,9.5e-05,0.0095,2.606818858345416e-08,3.869307657781256e-08,2.4868606418946608e-08,-0.10551162039660993,0.0035963625941715094,-101.52081098777559,0.9244392860073724,True,saved_field_proxy,False
D0040,D0040_seed13_default_unitbox,13,32,9.8e-05,0.0098,2.6003926289344706e-08,3.8708684769882134e-08,2.487715956612361e-08,-0.026528296374555595,0.005201163769804826,-107.90067611261496,0.9226251401894522,True,saved_field_proxy,False
D0040,D0040_seed13_default_unitbox,13,33,0.0001,0.01,2.5944059654367054e-08,3.8719085008195006e-08,2.4870696524758762e-08,-0.14735456652897796,0.004663770043430299,-111.55984237051312,0.958831328768616,True,saved_field_proxy,False
D0040,D0040_seed13_default_unitbox,13,34,0.000102,0.010199999999999999,2.5414508023228795e-08,3.8727339850055854e-08,2.488465175290871e-08,0.03838216758028732,0.0015196234810135184,-116.54540264085526,0.8972962425474889,True,saved_field_proxy,False
D0040,D0040_seed13_default_unitbox,13,35,0.000104,0.0104,2.60975883246882e-08,3.872516350211906e-08,2.489713457814898e-08,0.11574295292135495,0.004188552767769513,-118.95306544369797,0.8892590377526742,True,saved_field_proxy,False
D0040,D0040_seed13_default_unitbox,13,36,0.000106,0.0106,2.587747983491421e-08,3.8744094061126936e-08,2.489203365384381e-08,-0.15308384213660095,0.004005995403347923,-124.37750387092592,0.9156781952386078,True,saved_field_proxy,False
D0040,D0040_seed13_default_unitbox,13,37,0.000108,0.010799999999999999,2.5485252956141796e-08,3.874118748373245e-08,2.4901652836904758e-08,-0.22686030799562526,0.0007020758260103954,-128.6323550441278,0.9006639926161384,True,saved_field_proxy,False
D0040,D0040_seed13_default_unitbox,13,38,0.00011,0.011,2.4970038602931707e-08,3.8746902364430974e-08,2.490831546639406e-08,-0.1320265704307967,0.007191785462963909,-134.0645221143515,0.9131267280444662,True,saved_field_proxy,False
D0040,D0040_seed13_default_unitbox,13,39,0.000112,0.0112,2.4957146674418604e-08,3.8769954625584304e-08,2.4897799093188627e-08,-0.001419010677443204,0.007395302027840556,-138.03859800567187,0.8993497582236554,True,saved_field_proxy,False
D0040,D0040_seed13_default_unitbox,13,40,0.000115,0.0115,2.4975510933492258e-08,3.8773551803198105e-08,2.4914316166996425e-08,0.12025319919850996,0.004590200669782503,-144.5483396307218,0.9528202043074184,True,saved_field_proxy,False
D0040,D0040_seed13_default_unitbox,13,41,0.000118,0.0118,2.5678665869609655e-08,3.8797495829602997e-08,2.490185874809535e-08,-0.08335108372761052,0.00830787751684818,-149.49687273213243,0.9409577895285904,True,saved_field_proxy,False
D0040,D0040_seed13_default_unitbox,13,42,0.00012,0.012,2.508831561890988e-08,3.881454696514587e-08,2.4907364745651907e-08,-0.19371779804595804,0.007849622449000206,-155.6906202360139,0.9415889214729066,True,saved_field_proxy,False
D0040,D0040_seed13_default_unitbox,13,43,0.000125,0.0125,2.5387943219979175e-08,3.884534576086041e-08,2.4908377546643785e-08,0.01820717381247061,0.00585883000619623,-166.41121776060987,0.9105637767207168,True,saved_field_proxy,False
D0040,D0040_seed13_default_unitbox,13,44,0.00013,0.013,2.527038735703459e-08,3.8873135265207836e-08,2.4926046176443795e-08,0.016083290560247807,0.0065689718585101,-177.2412490960872,0.8442729123974761,True,saved_field_proxy,False
D0040,D0040_seed13_default_unitbox,13,45,0.000135,0.0135,2.5548776125581655e-08,3.891103547944551e-08,2.4921914006077113e-08,0.11298516501704985,0.005993433816788626,-188.58861745168662,0.8812978564266019,True,saved_field_proxy,False
D0040,D0040_seed13_default_unitbox,13,46,0.00014,0.013999999999999999,2.6400239007205085e-08,3.893306960337572e-08,2.4943721126809245e-08,-0.009708273818363582,0.0059448407725456835,-196.70800987804452,0.9547308849494286,True,saved_field_proxy,False
D0040,D0040_seed13_default_unitbox,13,47,0.000145,0.014499999999999999,2.5451693387398006e-08,3.897048388717096e-08,2.4949228327683564e-08,-0.146968886725796,0.009326885470143428,-209.38668913927953,0.9802475939213123,True,saved_field_proxy,False
D0040,D0040_seed13_default_unitbox,13,48,0.00015,0.014999999999999998,2.4930550139947127e-08,3.9026338458077155e-08,2.4939212966074657e-08,-0.025413183229391033,0.007792336882805027,-221.76809455945696,0.9470910208559179,True,saved_field_proxy,False
D0040,D0040_seed13_default_unitbox,13,49,0.000155,0.0155,2.51975615551041e-08,3.9048407255999007e-08,2.4954849889700898e-08,-0.03315702755716686,0.0073718311675340445,-231.08660035506492,0.919923720765569,True,saved_field_proxy,False
D0040,D0040_seed13_default_unitbox,13,50,0.00016,0.016,2.4598979864375458e-08,3.91000567697525e-08,2.4960395504437607e-08,-0.07743915184787217,0.009720710716527468,-244.09194139571468,0.9352309835691617,True,saved_field_proxy,False
D0040,D0040_seed13_default_unitbox,13,51,0.00017,0.017,2.4670132071853862e-08,3.9185080036234344e-08,2.4985684503670253e-08,-0.009586352655709552,0.009453357446284356,-266.2606150574193,1.0131171902657272,True,saved_field_proxy,False
D0040,D0040_seed13_default_unitbox,13,52,0.00018,0.018000000000000002,2.440725281126127e-08,3.928912391867818e-08,2.4980687555941796e-08,-0.018874335889797852,0.00993309750947028,-288.56360452570306,0.9566408028190228,True,saved_field_proxy,False
D0040,D0040_seed13_default_unitbox,13,53,0.00019,0.019,2.4292645354057906e-08,3.938374198642375e-08,2.4984408633322778e-08,0.004254936545054809,0.010571181706670995,-311.3335686780035,0.9422159845210583,True,saved_field_proxy,False
D0040,D0040_seed13_default_unitbox,13,54,0.0002,0.02,2.4492351542162365e-08,3.950054755281161e-08,2.4958871705708866e-08,0.01997061881044587,0.011680556638785783,-332.3969648776241,0.9429994539576543,True,saved_field_proxy,False
D0040,D0040_seed42_default_unitbox,42,0,1e-06,9.999999999999999e-05,3.6017580043033445e-11,3.6017580043033445e-11,9.739340378725937e-16,0.25245690307156193,0.25245690736673404,0.054174031204676384,0.037233147324741575,False,saved_field_proxy,False
D0040,D0040_seed42_default_unitbox,42,1,5e-06,0.0005,1.0458451923292814e-09,1.0458452095099698e-09,2.7525485244858374e-12,0.42059644045434247,0.4205964514238403,0.2679199067353502,0.19414997318305216,False,saved_field_proxy,False
D0040,D0040_seed42_default_unitbox,42,2,1e-05,0.001,4.1996995032433724e-09,4.199699616986086e-09,4.4216435988257016e-11,0.8200455334893277,0.8200458977001586,0.5275964290632167,0.3753547097416303,False,saved_field_proxy,False
D0040,D0040_seed42_default_unitbox,42,3,1.5e-05,0.0015,9.246300527222557e-09,9.246304186511554e-09,2.3138001687754024e-10,1.1578875413150684,1.157890083820833,0.7652240032665476,0.5313722341460729,False,saved_field_proxy,False
D0040,D0040_seed42_default_unitbox,42,4,2e-05,0.002,1.577857491639406e-08,1.5778600455194417e-08,7.79444395374443e-10,1.3363436392697854,1.3378120371679134,0.9579625036248606,0.6396984170346769,False,saved_field_proxy,False
D0040,D0040_seed42_default_unitbox,42,5,2.5e-05,0.0025,2.2609736919920414e-08,2.262442455819069e-08,2.411298906018465e-09,1.3224070638552738,1.3333860340951713,0.9427055680489441,0.691014650322044,False,saved_field_proxy,False
D0040,D0040_seed42_default_unitbox,42,6,3e-05,0.003,2.9002645554946792e-08,2.911246079614613e-08,5.03061190571861e-09,1.1668161187661312,1.1945478249351764,0.40942745131591735,0.7109322411737511,False,saved_field_proxy,False
D0040,D0040_seed42_default_unitbox,42,7,3.5e-05,0.0034999999999999996,3.427789810758172e-08,3.4569902807542445e-08,8.545622821381482e-09,0.8875450321736561,0.9349768404917315,-0.9295451082447377,0.6984669667797315,False,saved_field_proxy,False
D0040,D0040_seed42_default_unitbox,42,8,4e-05,0.004,3.7878095876683346e-08,3.846222920106344e-08,1.2693763751379009e-08,0.46229160624006993,0.5530974191455345,-3.1301866334443016,0.6793973173622648,False,saved_field_proxy,False
D0040,D0040_seed42_default_unitbox,42,9,4.5e-05,0.0045000000000000005,3.890081416998243e-08,4.01008769989978e-08,1.7346598452648283e-08,0.07598301307824157,0.1755750545171953,-6.92146737302039,0.7301679191028242,False,saved_field_proxy,False
D0040,D0040_seed42_default_unitbox,42,10,4.7e-05,0.004699999999999999,3.894993167967365e-08,4.033030350397644e-08,1.8909242855529044e-08,-0.06563732898552839,0.05714569772746758,-8.70437778414063,0.737795778358166,False,saved_field_proxy,False
D0040,D0040_seed42_default_unitbox,42,11,4.9e-05,0.0049,3.8638264854040315e-08,4.032945978990767e-08,2.034752212773858e-08,-0.2608693357832679,-0.05266851131377308,-10.918715175894702,0.7338106276535717,False,saved_field_proxy,False
D0040,D0040_seed42_default_unitbox,42,12,5.1e-05,0.0050999999999999995,3.790645433654058e-08,4.0119629458721355e-08,2.1644146913934153e-08,-0.42289404990139384,-0.14216769551785197,-13.338474841553097,0.7273923672859635,False,saved_field_proxy,False
D0040,D0040_seed42_default_unitbox,42,13,5.3e-05,0.0053,3.694668865443474e-08,3.976078900783626e-08,2.2724850669738627e-08,-0.46281833481622014,-0.1739620542827638,-16.264681339708304,0.7479105092814754,False,saved_field_proxy,False
D0040,D0040_seed42_default_unitbox,42,14,5.5e-05,0.0055,3.60551809972757e-08,3.9423781241590296e-08,2.3480978656749325e-08,-0.4867206647211578,-0.14183638280412456,-19.290781871347562,0.7530319747592928,True,saved_field_proxy,False
D0040,D0040_seed42_default_unitbox,42,15,5.7e-05,0.0057,3.4999805995550106e-08,3.919344347661976e-08,2.3946464844262432e-08,-0.32900597565267353,-0.08770710360907555,-22.48546699915104,0.7465255626898747,True,saved_field_proxy,False
D0040,D0040_seed42_default_unitbox,42,16,5.9e-05,0.0059,3.4739157094665e-08,3.907295282715399e-08,2.4180167044010666e-08,-0.3211994757613863,-0.057325787218173024,-25.46599958700929,0.7416439638359881,True,saved_field_proxy,False
D0040,D0040_seed42_default_unitbox,42,17,6.1e-05,0.0060999999999999995,3.371500809250456e-08,3.8964140327747066e-08,2.43758131894298e-08,-0.40923208488425133,-0.043742773382933475,-29.26333481153591,0.7641109282126209,True,saved_field_proxy,False
D0040,D0040_seed42_default_unitbox,42,18,6.3e-05,0.0063,3.3102228755128e-08,3.8897981733622256e-08,2.4499149805088204e-08,-0.32747593393949415,-0.02940741620121451,-33.354060116624694,0.7853173446340777,True,saved_field_proxy,False
D0040,D0040_seed42_default_unitbox,42,19,6.5e-05,0.0065,3.2405104356746585e-08,3.884651066294221e-08,2.4595211816824262e-08,-0.2720875082297975,-0.020455584678294447,-37.058413061874425,0.7671042999385372,True,saved_field_proxy,False
D0040,D0040_seed42_default_unitbox,42,20,6.7e-05,0.0067,3.201387872220882e-08,3.881615939490908e-08,2.4652947183280588e-08,-0.24764242217762722,-0.014308009091090063,-41.102005691875945,0.7590694600501504,True,saved_field_proxy,False
D0040,D0040_seed42_default_unitbox,42,21,6.9e-05,0.0069,3.1414534668036076e-08,3.8789278626577846e-08,2.4710642415725366e-08,-0.2713856510428124,-0.009804512784391747,-45.38598889138956,0.7605201510278218,True,saved_field_proxy,False
D0040,D0040_seed42_default_unitbox,42,22,7.1e-05,0.0071,3.0928336118037574e-08,3.877694134377151e-08,2.4726070443975266e-08,-0.19615099982157014,-0.00262321174848007,-49.67991782214553,0.8463920116372794,True,saved_field_proxy,False
D0040,D0040_seed42_default_unitbox,42,23,7.3e-05,0.0073,3.062993066874979e-08,3.8778785779583926e-08,2.4743034859351665e-08,-0.25244899480526917,-0.0030388921690716053,-53.88111498235646,0.8276024286786259,True,saved_field_proxy,False
D0040,D0040_seed42_default_unitbox,42,24,7.5e-05,0.007499999999999999,2.99185401388165e-08,3.8764785775095224e-08,2.4775353994822004e-08,-0.2961562459674761,-0.0057118861546481825,-58.80795700371494,0.863983230613214,True,saved_field_proxy,False
D0040,D0040_seed42_default_unitbox,42,25,7.7e-05,0.0077,2.944530568487989e-08,3.875593823496533e-08,2.4812281072175827e-08,-0.17107282712559585,-0.0033429469183492155,-63.685664505145425,0.8564821852754931,True,saved_field_proxy,False
D0040,D0040_seed42_default_unitbox,42,26,8e-05,0.008,2.9227037002795298e-08,3.875077309836997e-08,2.4842261133476622e-08,-0.08333145703683878,6.401749245987798e-05,-70.28024616613979,0.8340883286122648,True,saved_field_proxy,False
D0040,D0040_seed42_default_unitbox,42,27,8.3e-05,0.0083,2.8945316942658858e-08,3.875632233992009e-08,2.4844760050350694e-08,-0.1603915219450412,-0.0005458577814780249,-76.53974992634014,0.85456567239304,True,saved_field_proxy,False
D0040,D0040_seed42_default_unitbox,42,28,8.6e-05,0.0086,2.826468787112505e-08,3.874749795168111e-08,2.488462548617846e-08,-0.1592747819648124,0.001635683092623963,-83.7794894371823,0.8552665016318166,True,saved_field_proxy,False
D0040,D0040_seed42_default_unitbox,42,29,8.9e-05,0.0089,2.798966825086998e-08,3.8766136438475825e-08,2.487292788431782e-08,-0.2605987448859861,0.0030656901146642115,-90.17556912497675,0.8505725868827633,True,saved_field_proxy,False
D0040,D0040_seed42_default_unitbox,42,30,9.2e-05,0.0092,2.6701095401809126e-08,3.87658920923691e-08,2.4899054824768905e-08,-0.0959667312086408,0.0016989784049426318,-98.80763065394369,0.8339823441650782,True,saved_field_proxy,False
D0040,D0040_seed42_default_unitbox,42,31,9.5e-05,0.0095,2.7413867863618137e-08,3.877633030890548e-08,2.4899947778803915e-08,0.1463175295264678,0.0035973778429454484,-103.23271962313399,0.8968547281035889,True,saved_field_proxy,False
D0040,D0040_seed42_default_unitbox,42,32,9.8e-05,0.0098,2.757900057896794e-08,3.8787476359426766e-08,2.491264903472594e-08,-0.061069340568934566,0.0009316709809574497,-109.94960667218417,0.9163715271885304,True,saved_field_proxy,False
D0040,D0040_seed42_default_unitbox,42,33,0.0001,0.01,2.7302043792471577e-08,3.8785628129131603e-08,2.4926114741787387e-08,-0.43417824657693804,0.003245298820227921,-114.45556190966366,0.8663928437020306,True,saved_field_proxy,False
D0040,D0040_seed42_default_unitbox,42,34,0.000102,0.010199999999999999,2.5842287592660195e-08,3.8800457554707676e-08,2.4929466019030455e-08,-0.18557099210307018,0.005451310983834237,-121.28479751861094,0.8696548150363428,True,saved_field_proxy,False
D0040,D0040_seed42_default_unitbox,42,35,0.000104,0.0104,2.6559759824059296e-08,3.880743337306694e-08,2.494989156875224e-08,-0.033738886574635925,0.004948026079481735,-125.07193258253547,0.8313150135144525,True,saved_field_proxy,False
D0040,D0040_seed42_default_unitbox,42,36,0.000106,0.0106,2.570733204636164e-08,3.88202496590256e-08,2.494421686567133e-08,-0.40695264702406747,0.006262808183400345,-131.62381567203659,0.8662040680427696,True,saved_field_proxy,False
D0040,D0040_seed42_default_unitbox,42,37,0.000108,0.010799999999999999,2.4931949235963022e-08,3.883248460580054e-08,2.494835386272591e-08,-0.21252790074576844,0.006680978990151326,-137.41068933333216,0.8615462822579515,True,saved_field_proxy,False
D0040,D0040_seed42_default_unitbox,42,38,0.00011,0.011,2.4857220443378575e-08,3.884697357498621e-08,2.4938914589619266e-08,0.09515837981789471,0.0045105746659755,-141.54427679702127,0.9434447999205452,True,saved_field_proxy,False
D0040,D0040_seed42_default_unitbox,42,39,0.000112,0.0112,2.5312582755234596e-08,3.885052690446444e-08,2.494972764847657e-08,0.0649137762630367,0.003505675263222943,-145.34064869710872,0.9324985525912356,True,saved_field_proxy,False
D0040,D0040_seed42_default_unitbox,42,40,0.000115,0.0115,2.477487087553131e-08,3.886882447761259e-08,2.4954693273341078e-08,0.0009216061928234501,0.005758165607301982,-152.7600169550511,0.9074078955780659,True,saved_field_proxy,False
D0040,D0040_seed42_default_unitbox,42,41,0.000118,0.0118,2.5318112392391535e-08,3.888507589810824e-08,2.496599328958624e-08,0.02255595373119,0.007266591005422249,-157.19304467617883,0.9758415466697542,True,saved_field_proxy,False
D0040,D0040_seed42_default_unitbox,42,42,0.00012,0.012,2.515185823066873e-08,3.8902075014572686e-08,2.4959238698876176e-08,-0.07549854431412764,0.008276618601168757,-162.6781517422713,0.9877077459055997,True,saved_field_proxy,False
D0040,D0040_seed42_default_unitbox,42,43,0.000125,0.0125,2.4869722215939007e-08,3.8940671362190324e-08,2.4954120093859858e-08,-0.04879848934506931,0.006502180066462419,-173.9886730978271,0.9792608219213933,True,saved_field_proxy,False
D0040,D0040_seed42_default_unitbox,42,44,0.00013,0.013,2.466387333721804e-08,3.8967096815237314e-08,2.4960728773875033e-08,0.037787713314334746,0.005568323421826279,-184.8178650430591,0.9397857614345291,True,saved_field_proxy,False
D0040,D0040_seed42_default_unitbox,42,45,0.000135,0.0135,2.524759934908235e-08,3.8996354596408585e-08,2.4955808772102342e-08,0.054998326465934694,0.005497966514973664,-193.53065946453128,0.8728852759644647,True,saved_field_proxy,False
D0040,D0040_seed42_default_unitbox,42,46,0.00014,0.013999999999999999,2.521385660187739e-08,3.9022076480387055e-08,2.4970823542365154e-08,0.02669065758985822,0.0062768361409264,-205.6224729468907,0.9326309784866686,True,saved_field_proxy,False
D0040,D0040_seed42_default_unitbox,42,47,0.000145,0.014499999999999999,2.551450592498093e-08,3.905912295781784e-08,2.4976465074325236e-08,0.003668193668574307,0.007716812429231588,-216.46919460524862,0.9631068291307195,True,saved_field_proxy,False
D0040,D0040_seed42_default_unitbox,42,48,0.00015,0.014999999999999998,2.525053853856314e-08,3.9099244604679374e-08,2.4986737626607806e-08,-0.06940953213244215,0.006863895356387737,-228.79306564086838,0.920143450051258,True,saved_field_proxy,False
D0040,D0040_seed42_default_unitbox,42,49,0.000155,0.0155,2.4820410603656507e-08,3.9127761911381714e-08,2.5000377878417923e-08,-0.08016872102000525,0.009412873474203866,-240.09652056804856,0.9893059805178724,True,saved_field_proxy,False
D0040,D0040_seed42_default_unitbox,42,50,0.00016,0.016,2.4448851328363087e-08,3.919337333942142e-08,2.4991583120236753e-08,-0.08181661180489046,0.011531021490445445,-251.5613069332922,0.9631908533524491,True,saved_field_proxy,False
D0040,D0040_seed42_default_unitbox,42,51,0.00017,0.017,2.348059007539005e-08,3.927685827197597e-08,2.5005850780005216e-08,-0.039973844400999214,0.008248008307413547,-277.63397602609876,0.9898702673690796,True,saved_field_proxy,False
D0040,D0040_seed42_default_unitbox,42,52,0.00018,0.018000000000000002,2.3649374440343103e-08,3.9358333505569685e-08,2.5013402663960907e-08,0.01962460398876459,0.00880548072625673,-298.79230009787824,0.8436720289997439,True,saved_field_proxy,False
D0040,D0040_seed42_default_unitbox,42,53,0.00019,0.019,2.3873082155165343e-08,3.94529678865011e-08,2.503418857912711e-08,0.03016941084061698,0.011023493536049464,-321.27661105484674,0.9231838485510169,True,saved_field_proxy,False
D0040,D0040_seed42_default_unitbox,42,54,0.0002,0.02,2.4252762657155443e-08,3.9578803376290674e-08,2.5017169153054608e-08,0.03796805019901005,0.012583548978957644,-343.5424193535626,0.9192553796006827,True,saved_field_proxy,False
D0020,D0020_seed7_default_unitbox,7,0,1e-06,9.999999999999999e-05,3.601863236485423e-11,3.601863236485423e-11,1.2220206359406058e-15,0.2529407527755034,0.25294075294133245,0.054218956884240346,0.03724019689017172,False,saved_field_proxy,False
D0020,D0020_seed7_default_unitbox,7,1,5e-06,0.0005,1.047781643466868e-09,1.0477816441301843e-09,1.7352510198614273e-12,0.42058675928369954,0.42058677792823324,0.2691335371272752,0.19506772747907813,False,saved_field_proxy,False
D0020,D0020_seed7_default_unitbox,7,2,1e-05,0.001,4.198502980561592e-09,4.198503189939481e-09,4.454600460306163e-11,0.8199533457681762,0.819953602151375,0.5298277181035735,0.3810431370806624,False,saved_field_proxy,False
D0020,D0020_seed7_default_unitbox,7,3,1.5e-05,0.0015,9.247315101148629e-09,9.247317665643932e-09,2.299145187486273e-10,1.158663281060197,1.1586650799814828,0.7674337640095772,0.5324371788664786,False,saved_field_proxy,False
D0020,D0020_seed7_default_unitbox,7,4,2e-05,0.002,1.5785135791163563e-08,1.578515398975431e-08,7.727337203725058e-10,1.3338379899113004,1.3352057528920356,0.9621470715869966,0.6410798690604063,False,saved_field_proxy,False
D0020,D0020_seed7_default_unitbox,7,5,2.5e-05,0.0025,2.2585695000261637e-08,2.259937519456429e-08,2.4414483802992027e-09,1.3224565307411633,1.331389447763788,0.9398889472767191,0.6861076338200538,False,saved_field_proxy,False
D0020,D0020_seed7_default_unitbox,7,6,3e-05,0.003,2.9009701098575193e-08,2.9099048467392188e-08,5.042766028636881e-09,1.1702045918102364,1.1961606896744459,0.4658370625149415,0.6936550439547586,False,saved_field_proxy,False
D0020,D0020_seed7_default_unitbox,7,7,3.5e-05,0.0034999999999999996,3.428774091836399e-08,3.456098209130874e-08,8.575085560321367e-09,0.8801741061312904,0.924469464430477,-0.7361010087978155,0.6877238004177538,False,saved_field_proxy,False
D0020,D0020_seed7_default_unitbox,7,8,4e-05,0.004,3.781144215988809e-08,3.8343743111696954e-08,1.2775909237514663e-08,0.4927408603002015,0.5625931098569747,-2.9465785305114482,0.6701765399544242,False,saved_field_proxy,False
D0020,D0020_seed7_default_unitbox,7,9,4.5e-05,0.0045000000000000005,3.921514952136602e-08,4.018691318987849e-08,1.7172602468919034e-08,0.10614402993354248,0.21033971591893214,-6.195500022566741,0.6897196215662094,False,saved_field_proxy,False
D0020,D0020_seed7_default_unitbox,7,10,4.7e-05,0.004699999999999999,3.9287759627343465e-08,4.0480957181942445e-08,1.8710994715735322e-08,-0.01823949092681111,0.09380333305263056,-7.978900490743485,0.7131088285804633,False,saved_field_proxy,False
D0020,D0020_seed7_default_unitbox,7,11,4.9e-05,0.0049,3.914219155765878e-08,4.056212652208901e-08,2.0123006085310365e-08,-0.15061443841029448,-0.02327725664955267,-10.017037856168596,0.7150322508260157,False,saved_field_proxy,False
D0020,D0020_seed7_default_unitbox,7,12,5.1e-05,0.0050999999999999995,3.868530187370228e-08,4.0387848155344236e-08,2.1444212933883713e-08,-0.3202980915640169,-0.13205261188417755,-12.23308953483698,0.7128582664111426,False,saved_field_proxy,False
D0020,D0020_seed7_default_unitbox,7,13,5.3e-05,0.0053,3.7860999191402705e-08,4.00339160745523e-08,2.2585660889606728e-08,-0.3962776814245249,-0.17493139628655363,-14.832742213549441,0.7155696064505835,False,saved_field_proxy,False
D0020,D0020_seed7_default_unitbox,7,14,5.5e-05,0.0055,3.7100191148004184e-08,3.968812257019802e-08,2.3382333236002964e-08,-0.25567347467117874,-0.1384619672799639,-17.608340665019888,0.7072629693601249,True,saved_field_proxy,False
D0020,D0020_seed7_default_unitbox,7,15,5.7e-05,0.0057,3.6838305292717993e-08,3.9480068205432445e-08,2.3812387551410067e-08,-0.23737530417944874,-0.0914128427035605,-20.22730336295359,0.704153397087716,True,saved_field_proxy,False
D0020,D0020_seed7_default_unitbox,7,16,5.9e-05,0.0059,3.6150689931286395e-08,3.932247119938379e-08,2.413056514529206e-08,-0.31032832325581305,-0.06774209893191906,-23.434065092073947,0.6886949317820551,True,saved_field_proxy,False
D0020,D0020_seed7_default_unitbox,7,17,6.1e-05,0.0060999999999999995,3.5596991999694746e-08,3.9209099809704773e-08,2.4345087734434368e-08,-0.19605453589022562,-0.045545871830166354,-26.84778182860828,0.692692500707405,True,saved_field_proxy,False
D0020,D0020_seed7_default_unitbox,7,18,6.3e-05,0.0063,3.5366471787725495e-08,3.9140287712063125e-08,2.448810991122388e-08,-0.2824903417332006,-0.030085746280005682,-30.131356991637215,0.6808298386039698,True,saved_field_proxy,False
D0020,D0020_seed7_default_unitbox,7,19,6.5e-05,0.0065,3.446703063276195e-08,3.908875682458475e-08,2.4585260613936278e-08,-0.3344213684007991,-0.02523503234380664,-34.4831081097568,0.7012043757700963,True,saved_field_proxy,False
D0020,D0020_seed7_default_unitbox,7,20,6.7e-05,0.0067,3.4028786314122305e-08,3.9039347582687905e-08,2.468335481630531e-08,-0.18029700910343616,-0.01663141325232778,-38.275005251089766,0.7002755900550559,True,saved_field_proxy,False
D0020,D0020_seed7_default_unitbox,7,21,6.9e-05,0.0069,3.37458425963482e-08,3.902223117157543e-08,2.4731096108015447e-08,-0.17698011480803827,-0.011774279119544304,-42.15222135941872,0.7261497185135061,True,saved_field_proxy,False
D0020,D0020_seed7_default_unitbox,7,22,7.1e-05,0.0071,3.3320865854890155e-08,3.899225046620973e-08,2.4786785792786912e-08,-0.3335018612441957,-0.01335807111741208,-46.208297055391824,0.7216868306905438,True,saved_field_proxy,False
D0020,D0020_seed7_default_unitbox,7,23,7.3e-05,0.0073,3.2411835151371415e-08,3.8968798887105776e-08,2.4839696899172135e-08,-0.3491502519142719,-0.005001570248063317,-51.1933978674549,0.7347203069397402,True,saved_field_proxy,False
D0020,D0020_seed7_default_unitbox,7,24,7.5e-05,0.007499999999999999,3.192426484723307e-08,3.897224418521748e-08,2.48504851111929e-08,-0.21472999417939537,-0.005003709465725703,-55.645829463816355,0.7544236570216236,True,saved_field_proxy,False
D0020,D0020_seed7_default_unitbox,7,25,7.7e-05,0.0077,3.155291517465384e-08,3.894878404924288e-08,2.4898879893816143e-08,-0.10387711732772441,-0.00745611740449615,-59.86387244013153,0.7680470429742193,True,saved_field_proxy,False
D0020,D0020_seed7_default_unitbox,7,26,8e-05,0.008,3.160937355799917e-08,3.8945648474652e-08,2.492074048219542e-08,-0.13296898426670872,0.0006668839607724963,-65.39945821001041,0.7712236651020162,True,saved_field_proxy,False
D0020,D0020_seed7_default_unitbox,7,27,8.3e-05,0.0083,3.075510126905359e-08,3.895278535300752e-08,2.4936929461563014e-08,-0.25079222993953065,0.00023136108167048225,-72.8105893720894,0.7906915984136228,True,saved_field_proxy,False
D0020,D0020_seed7_default_unitbox,7,28,8.6e-05,0.0086,3.010462017836199e-08,3.8947036641142024e-08,2.4961186193062328e-08,-0.15937208871496036,-0.000589545686816538,-79.64872011229646,0.7836327985446447,True,saved_field_proxy,False
D0020,D0020_seed7_default_unitbox,7,29,8.9e-05,0.0089,2.9798868736763828e-08,3.894924807888662e-08,2.4985051886147097e-08,-0.04730058856972259,0.0024221654170821297,-86.55277164145319,0.7920156979097943,True,saved_field_proxy,False
D0020,D0020_seed7_default_unitbox,7,30,9.2e-05,0.0092,2.9820816646943655e-08,3.8961569633644516e-08,2.4986942461099576e-08,-0.0852457901378027,0.0034083712514357267,-92.50067568467058,0.7920017163011058,True,saved_field_proxy,False
D0020,D0020_seed7_default_unitbox,7,31,9.5e-05,0.0095,2.928739399593701e-08,3.896969830639524e-08,2.500665225252185e-08,-0.1461265113534664,0.0029798780773384465,-99.89199122062102,0.7958803769827807,True,saved_field_proxy,False
D0020,D0020_seed7_default_unitbox,7,32,9.8e-05,0.0098,2.8944057578822856e-08,3.897944890210855e-08,2.5013946681924852e-08,-0.03644741198054538,0.0031994719211520667,-106.6423160927572,0.7773010326264428,True,saved_field_proxy,False
D0020,D0020_seed7_default_unitbox,7,33,0.0001,0.01,2.8975160168716216e-08,3.898578021041758e-08,2.5023694107782224e-08,0.01555129494667997,0.003165654154515399,-110.92317713675307,0.7899184746855936,True,saved_field_proxy,False
D0020,D0020_seed13_default_unitbox,13,0,1e-06,9.999999999999999e-05,3.601073251772688e-11,3.601073251772688e-11,6.072019970965966e-15,0.25327316239533537,0.25327316628393126,0.05400784070670412,0.03744230257884912,False,saved_field_proxy,False
D0020,D0020_seed13_default_unitbox,13,1,5e-06,0.0005,1.0491033820990686e-09,1.0491033976534523e-09,9.82905604522489e-13,0.4204905406614143,0.4204906032909384,0.2695150957735603,0.1916362712645624,False,saved_field_proxy,False
D0020,D0020_seed13_default_unitbox,13,2,1e-05,0.001,4.196664699569133e-09,4.19666539540194e-09,4.6083089793796305e-11,0.8194340804820748,0.8194344015857515,0.528502621483726,0.374724307657355,False,saved_field_proxy,False
D0020,D0020_seed13_default_unitbox,13,3,1.5e-05,0.0015,9.243444186919814e-09,9.243447413510965e-09,2.338167238894144e-10,1.1562835430503606,1.156286478786312,0.7649357030476781,0.5270640479271921,False,saved_field_proxy,False
D0020,D0020_seed13_default_unitbox,13,4,2e-05,0.002,1.575950013007274e-08,1.575953018326506e-08,7.962832224283292e-10,1.331771600852385,1.3333805662725027,0.9546115425715627,0.6375848130513062,False,saved_field_proxy,False
D0020,D0020_seed13_default_unitbox,13,5,2.5e-05,0.0025,2.256116019544367e-08,2.2577253076235998e-08,2.460041594014341e-09,1.3278793581543182,1.3360288819159774,0.9285786585439331,0.6888980877150641,False,saved_field_proxy,False
D0020,D0020_seed13_default_unitbox,13,6,3e-05,0.003,2.903829371161592e-08,2.911981900242483e-08,5.024429578545377e-09,1.1768585077215639,1.2023334655394333,0.4874037861855119,0.6947876467664138,False,saved_field_proxy,False
D0020,D0020_seed13_default_unitbox,13,7,3.5e-05,0.0034999999999999996,3.43297452726593e-08,3.4600587731630324e-08,8.549392036962743e-09,0.8850630346179887,0.9395325331133151,-0.6807285665628187,0.6859508832276519,False,saved_field_proxy,False
D0020,D0020_seed13_default_unitbox,13,8,4e-05,0.004,3.78889240577958e-08,3.851514433355798e-08,1.2719164539426757e-08,0.44823440938146236,0.5430007623909837,-2.7262340452771467,0.685814094410136,False,saved_field_proxy,False
D0020,D0020_seed13_default_unitbox,13,9,4.5e-05,0.0045000000000000005,3.8812089366473935e-08,4.003059535554017e-08,1.74666621216763e-08,0.07139679791046648,0.1613175448731668,-6.183524013476213,0.7361579979257612,False,saved_field_proxy,False
D0020,D0020_seed13_default_unitbox,13,10,4.7e-05,0.004699999999999999,3.886429395123473e-08,4.0239812317667876e-08,1.8984307743568126e-08,-0.018364618245166747,0.051468170058263304,-7.8628642243230065,0.7570225609060944,False,saved_field_proxy,False
D0020,D0020_seed13_default_unitbox,13,11,4.9e-05,0.0049,3.873863089349327e-08,4.0236468035773226e-08,2.035079928583402e-08,-0.1992178205018572,-0.05278646649551494,-9.630379177853738,0.7596229805484553,False,saved_field_proxy,False
D0020,D0020_seed13_default_unitbox,13,12,5.1e-05,0.0050999999999999995,3.806742266922729e-08,4.002866645168581e-08,2.1580340333281215e-08,-0.4042791857144113,-0.14486401996198667,-11.98565099918784,0.7773960692541569,False,saved_field_proxy,False
D0020,D0020_seed13_default_unitbox,13,13,5.3e-05,0.0053,3.712151415063562e-08,3.9657011955925275e-08,2.2633892731513424e-08,-0.3668327671747778,-0.16455987356548024,-14.42204597533391,0.7797359786197644,False,saved_field_proxy,False
D0020,D0020_seed13_default_unitbox,13,14,5.5e-05,0.0055,3.6600091600528184e-08,3.937042695742389e-08,2.3296904074946705e-08,-0.3121347093424081,-0.1194911739105034,-16.985382978025335,0.7813714869508857,True,saved_field_proxy,False
D0020,D0020_seed13_default_unitbox,13,15,5.7e-05,0.0057,3.587297531326599e-08,3.917904726028327e-08,2.3715363626700504e-08,-0.49060546404744443,-0.08989143930514427,-19.9643591516044,0.7718715268457221,True,saved_field_proxy,False
D0020,D0020_seed13_default_unitbox,13,16,5.9e-05,0.0059,3.4637669744338414e-08,3.9010861200203314e-08,2.405834268711039e-08,-0.500107642862185,-0.061992859843176124,-23.634466312294464,0.7737341137141779,True,saved_field_proxy,False
D0020,D0020_seed13_default_unitbox,13,17,6.1e-05,0.0060999999999999995,3.3872544741817256e-08,3.8931075820910564e-08,2.4230088107594857e-08,-0.35877629518333076,-0.04213128976928229,-27.513938858859962,0.773297351631869,True,saved_field_proxy,False
D0020,D0020_seed13_default_unitbox,13,18,6.3e-05,0.0063,3.3202564563605085e-08,3.884233604112619e-08,2.43940180518171e-08,-0.3907786065938685,-0.035218747115556975,-30.86938007419381,0.775515057348396,True,saved_field_proxy,False
D0020,D0020_seed13_default_unitbox,13,19,6.5e-05,0.0065,3.230943031544178e-08,3.879020083244834e-08,2.4497189097311865e-08,-0.254702972166853,-0.020965308379432626,-34.924215154397686,0.7351456846633146,True,saved_field_proxy,False
D0020,D0020_seed13_default_unitbox,13,20,6.7e-05,0.0067,3.218375267493768e-08,3.8758474807608455e-08,2.456648676030715e-08,-0.1860038515689496,-0.015454478378976871,-38.4249289959857,0.749803256529474,True,saved_field_proxy,False
D0020,D0020_seed13_default_unitbox,13,21,6.9e-05,0.0069,3.156541490916598e-08,3.8728382918932436e-08,2.4647612668005998e-08,-0.378404366017257,-0.011183909872631778,-42.43191348155365,0.7628717342399414,True,saved_field_proxy,False
D0020,D0020_seed13_default_unitbox,13,22,7.1e-05,0.0071,3.067013521086865e-08,3.871373916811793e-08,2.4678048997136284e-08,-0.34823047395120005,-0.006925840547403889,-47.23586533210401,0.7620886119255275,True,saved_field_proxy,False
D0020,D0020_seed13_default_unitbox,13,23,7.3e-05,0.0073,3.017249301336118e-08,3.8700679556742816e-08,2.471038184480226e-08,-0.28966655218816156,-0.010977865837676418,-51.30913701786959,0.7608506459107669,True,saved_field_proxy,False
D0020,D0020_seed13_default_unitbox,13,24,7.5e-05,0.007499999999999999,2.9511469002116007e-08,3.866982770476723e-08,2.4772567606260517e-08,-0.45008761753253473,-0.00803271361795449,-55.94187560460548,0.7994232580296121,True,saved_field_proxy,False
D0020,D0020_seed13_default_unitbox,13,25,7.7e-05,0.0077,2.8372142543231038e-08,3.8668548702271e-08,2.479010312126765e-08,-0.3343006998427224,-0.00145057847934435,-61.25043918895208,0.8470172539580134,True,saved_field_proxy,False
D0020,D0020_seed13_default_unitbox,13,26,8e-05,0.008,2.842837182690179e-08,3.866054711929243e-08,2.4812974697883085e-08,-0.05826261241147993,-0.0001755293008425668,-66.92819240773228,0.8536250137454936,True,saved_field_proxy,False
D0020,D0020_seed13_default_unitbox,13,27,8.3e-05,0.0083,2.8022566868762154e-08,3.8667495526465944e-08,2.4818847911391635e-08,-0.2803160001786046,0.0008600040856425115,-73.95109345915768,0.8789771545000438,True,saved_field_proxy,False
D0020,D0020_seed13_default_unitbox,13,28,8.6e-05,0.0086,2.674647582583016e-08,3.866570714380629e-08,2.484895684568441e-08,-0.2703770283191539,0.0013024623856860637,-81.94951503115787,0.9197302442778771,True,saved_field_proxy,False
D0020,D0020_seed13_default_unitbox,13,29,8.9e-05,0.0089,2.6400304698847226e-08,3.8675310300780056e-08,2.4851548744217353e-08,-0.018246635684298143,0.003566575085135748,-87.87800950617812,0.8955890853931986,True,saved_field_proxy,False
D0020,D0020_seed13_default_unitbox,13,30,9.2e-05,0.0092,2.663699601172437e-08,3.868710659431711e-08,2.4851673553611485e-08,-0.05535268589884363,0.0029610461720844944,-93.40191680360583,0.9020765583058227,True,saved_field_proxy,False
D0020,D0020_seed13_default_unitbox,13,31,9.5e-05,0.0095,2.606818858345416e-08,3.869307657781256e-08,2.4868606418946608e-08,-0.10551162039660993,0.0035963625941715094,-101.52081098777559,0.9244392860073724,True,saved_field_proxy,False
D0020,D0020_seed13_default_unitbox,13,32,9.8e-05,0.0098,2.6003926289344706e-08,3.8708684769882134e-08,2.487715956612361e-08,-0.026528296374555595,0.005201163769804826,-107.90067611261496,0.9226251401894522,True,saved_field_proxy,False
D0020,D0020_seed13_default_unitbox,13,33,0.0001,0.01,2.5944059654367054e-08,3.8719085008195006e-08,2.4870696524758762e-08,-0.029933317488825977,0.005200119156435876,-111.55984237051312,0.958831328768616,True,saved_field_proxy,False
D0020,D0020_seed21_default_unitbox,21,0,1e-06,9.999999999999999e-05,3.6016479691007386e-11,3.6016479691007386e-11,3.4097480878917347e-15,0.25317895694594367,0.25317895817008623,0.05412897947989082,0.037066035951273606,False,saved_field_proxy,False
D0020,D0020_seed21_default_unitbox,21,1,5e-06,0.0005,1.0487323074747823e-09,1.0487323123713526e-09,1.1960862661361804e-12,0.42056181520077934,0.4205618652128875,0.26990923675552897,0.19329786982019337,False,saved_field_proxy,False
D0020,D0020_seed21_default_unitbox,21,2,1e-05,0.001,4.197684247571403e-09,4.197684807453299e-09,4.51551726361982e-11,0.8195570240491201,0.8195572508475875,0.5297404074285992,0.37537067094501075,False,saved_field_proxy,False
D0020,D0020_seed21_default_unitbox,21,3,1.5e-05,0.0015,9.244302547965982e-09,9.244304820847226e-09,2.3264164181964453e-10,1.1564372972025865,1.1564424136817584,0.7677347938667568,0.531479567306624,False,saved_field_proxy,False
D0020,D0020_seed21_default_unitbox,21,4,2e-05,0.002,1.576205721959727e-08,1.576210894427088e-08,7.918921663242387e-10,1.3313237769551656,1.3331967014067787,0.958780304540212,0.6384266804825836,False,saved_field_proxy,False
D0020,D0020_seed21_default_unitbox,21,5,2.5e-05,0.0025,2.255754031751764e-08,2.2576271834915016e-08,2.4485155828545464e-09,1.322383604614097,1.3331160707630272,0.9235592231790487,0.6923166232394591,False,saved_field_proxy,False
D0020,D0020_seed21_default_unitbox,21,6,3e-05,0.003,2.898589326573824e-08,2.909326965190115e-08,5.021953646259343e-09,1.1682776526160403,1.1975501933414205,0.4422294376144256,0.6997923724197816,False,saved_field_proxy,False
D0020,D0020_seed21_default_unitbox,21,7,3.5e-05,0.0034999999999999996,3.424031684367804e-08,3.4551773768329214e-08,8.548163428898232e-09,0.8648857394195977,0.9287251414027675,-0.8201422745868819,0.6919356704244118,False,saved_field_proxy,False
D0020,D0020_seed21_default_unitbox,21,8,4e-05,0.004,3.7634750659934214e-08,3.8380521065928824e-08,1.2760496871869976e-08,0.42839463711251025,0.537343594577854,-3.2027965692625924,0.6751147175758294,False,saved_field_proxy,False
D0020,D0020_seed21_default_unitbox,21,9,4.5e-05,0.0045000000000000005,3.852426321480315e-08,3.992520971410776e-08,1.7390740261515768e-08,0.031625898472362884,0.15059887674440975,-7.1785250330854256,0.7542093192964809,False,saved_field_proxy,False
D0020,D0020_seed21_default_unitbox,21,10,4.7e-05,0.004699999999999999,3.847049372174673e-08,4.009973638528347e-08,1.8927024335680827e-08,-0.04498453891946946,0.043325003655956054,-8.969537300503772,0.7716779081801595,False,saved_field_proxy,False
D0020,D0020_seed21_default_unitbox,21,11,4.9e-05,0.0049,3.834432505912527e-08,4.009850972873158e-08,2.0287170571174132e-08,-0.15546086554884925,-0.06477714896424569,-10.96586597764972,0.7639343543170561,False,saved_field_proxy,False
D0020,D0020_seed21_default_unitbox,21,12,5.1e-05,0.0050999999999999995,3.784865025955133e-08,3.984062778942649e-08,2.1529175770644733e-08,-0.3198264423506358,-0.15353153571498815,-13.199988263321018,0.7517524134279047,False,saved_field_proxy,False
D0020,D0020_seed21_default_unitbox,21,13,5.3e-05,0.0053,3.7065019289722733e-08,3.948438358587163e-08,2.2504344352084906e-08,-0.390454507800472,-0.1646460550890176,-15.885546150156657,0.7703604075808695,False,saved_field_proxy,False
D0020,D0020_seed21_default_unitbox,21,14,5.5e-05,0.0055,3.628683222834944e-08,3.918204356907042e-08,2.315796252548446e-08,-0.5015118179600205,-0.13025579986214625,-18.82194515069789,0.7727905019544347,True,saved_field_proxy,False
D0020,D0020_seed21_default_unitbox,21,15,5.7e-05,0.0057,3.5058972017882646e-08,3.8963360386423046e-08,2.3596652316275357e-08,-0.4592140316400806,-0.08339805651479647,-22.379132823033842,0.788177921574935,True,saved_field_proxy,False
D0020,D0020_seed21_default_unitbox,21,16,5.9e-05,0.0059,3.444997610178912e-08,3.884845134301124e-08,2.3822013392928996e-08,-0.20558543486162184,-0.04698073968780782,-25.807263090381827,0.7770583412534192,True,saved_field_proxy,False
D0020,D0020_seed21_default_unitbox,21,17,6.1e-05,0.0060999999999999995,3.423663027843616e-08,3.877543742767182e-08,2.3972757345273867e-08,-0.1537395289370469,-0.040100796566170174,-29.030549495843935,0.7771149637121717,True,saved_field_proxy,False
D0020,D0020_seed21_default_unitbox,21,18,6.3e-05,0.0063,3.383501798604093e-08,3.8688048156746555e-08,2.4142189068212823e-08,-0.24067536979773507,-0.03209005160000056,-32.31764280563561,0.7660727221637047,True,saved_field_proxy,False
D0020,D0020_seed21_default_unitbox,21,19,6.5e-05,0.0065,3.3273928799245215e-08,3.8647077221271816e-08,2.421437964429163e-08,-0.29437402573809396,-0.02024361650113625,-36.4829096395871,0.7620927105081396,True,saved_field_proxy,False
D0020,D0020_seed21_default_unitbox,21,20,6.7e-05,0.0067,3.2657521883088556e-08,3.860707369074201e-08,2.4281305873435797e-08,-0.34178956687780543,-0.015395703219879542,-40.601440161737244,0.7603078639352558,True,saved_field_proxy,False
D0020,D0020_seed21_default_unitbox,21,21,6.9e-05,0.0069,3.1906770531733994e-08,3.858549440839229e-08,2.432262278568215e-08,-0.22198291560966005,-0.007875877524491509,-44.86076946857601,0.7819291192755007,True,saved_field_proxy,False
D0020,D0020_seed21_default_unitbox,21,22,7.1e-05,0.0071,3.176959022064992e-08,3.8575570180644046e-08,2.4344073116793068e-08,-0.13781058848045397,-0.004330123396113078,-48.71194663021786,0.8263005378773044,True,saved_field_proxy,False
D0020,D0020_seed21_default_unitbox,21,23,7.3e-05,0.0073,3.1355528177812175e-08,3.8568173914807836e-08,2.4361971964051135e-08,-0.1624952193146293,-0.00288060138048038,-52.81143429761981,0.8021059212231089,True,saved_field_proxy,False
D0020,D0020_seed21_default_unitbox,21,24,7.5e-05,0.007499999999999999,3.1119609343391406e-08,3.8564047775122125e-08,2.4384963308187274e-08,-0.11787162299826526,-0.0012966687794220555,-56.79469662897509,0.8043801010346158,True,saved_field_proxy,False
D0020,D0020_seed21_default_unitbox,21,25,7.7e-05,0.0077,3.0884041685819116e-08,3.856298723969015e-08,2.440422478424087e-08,-0.11831029871708834,-0.0008617873518369443,-61.08758576847912,0.8185608039069255,True,saved_field_proxy,False
D0020,D0020_seed21_default_unitbox,21,26,8e-05,0.008,3.0526741674978605e-08,3.855891003927331e-08,2.4431764577969293e-08,-0.06612921044502063,0.0006018937805498184,-67.5456155984425,0.8089369742122606,True,saved_field_proxy,False
D0020,D0020_seed21_default_unitbox,21,27,8.3e-05,0.0083,3.048726642314899e-08,3.856659860237345e-08,2.443594009970233e-08,-0.08809364986686608,0.0003247789630159495,-73.87299517057305,0.8052000692679322,True,saved_field_proxy,False
D0020,D0020_seed21_default_unitbox,21,28,8.6e-05,0.0086,2.999817977577741e-08,3.8560858713051405e-08,2.445689407835378e-08,-0.09114146433101752,0.0016697734437371575,-80.32636528502807,0.779792102480951,True,saved_field_proxy,False
D0020,D0020_seed21_default_unitbox,21,29,8.9e-05,0.0089,2.9940417637162885e-08,3.857661724303587e-08,2.4458876612759242e-08,-0.12317307883921193,0.002879291108266735,-86.0756998969769,0.7874680698247298,True,saved_field_proxy,False
D0020,D0020_seed21_default_unitbox,21,30,9.2e-05,0.0092,2.9259141302742135e-08,3.8578134459701006e-08,2.4477188079283076e-08,-0.20435177587714917,0.002184039793622951,-93.05311931786645,0.8070220020107551,True,saved_field_proxy,False
D0020,D0020_seed21_default_unitbox,21,31,9.5e-05,0.0095,2.8714306981899988e-08,3.8589721481797605e-08,2.4483493288221744e-08,-0.0709325104273021,0.0037355370838864158,-100.87984654887886,0.805355467889032,True,saved_field_proxy,False
D0020,D0020_seed21_default_unitbox,21,32,9.8e-05,0.0098,2.883354624017832e-08,3.860054768220432e-08,2.44918272220254e-08,-0.14793227785074928,0.00344117110751517,-106.56716005815306,0.8015651431745692,True,saved_field_proxy,False
D0020,D0020_seed21_default_unitbox,21,33,0.0001,0.01,2.8287443421441004e-08,3.860720660793749e-08,2.4499893911102086e-08,-0.2730514093686565,0.003329462866586026,-112.37498046105135,0.8642315052619483,True,saved_field_proxy,False
D0020,D0020_seed42_default_unitbox,42,0,1e-06,9.999999999999999e-05,3.6017580043033445e-11,3.6017580043033445e-11,9.739340378725937e-16,0.25245690307156193,0.25245690736673404,0.054174031204676384,0.037233147324741575,False,saved_field_proxy,False
D0020,D0020_seed42_default_unitbox,42,1,5e-06,0.0005,1.0458451923292814e-09,1.0458452095099698e-09,2.7525485244858374e-12,0.42059644045434247,0.4205964514238403,0.2679199067353502,0.19414997318305216,False,saved_field_proxy,False
D0020,D0020_seed42_default_unitbox,42,2,1e-05,0.001,4.1996995032433724e-09,4.199699616986086e-09,4.4216435988257016e-11,0.8200455334893277,0.8200458977001586,0.5275964290632167,0.3753547097416303,False,saved_field_proxy,False
D0020,D0020_seed42_default_unitbox,42,3,1.5e-05,0.0015,9.246300527222557e-09,9.246304186511554e-09,2.3138001687754024e-10,1.1578875413150684,1.157890083820833,0.7652240032665476,0.5313722341460729,False,saved_field_proxy,False
D0020,D0020_seed42_default_unitbox,42,4,2e-05,0.002,1.577857491639406e-08,1.5778600455194417e-08,7.79444395374443e-10,1.3363436392697854,1.3378120371679134,0.9579625036248606,0.6396984170346769,False,saved_field_proxy,False
D0020,D0020_seed42_default_unitbox,42,5,2.5e-05,0.0025,2.2609736919920414e-08,2.262442455819069e-08,2.411298906018465e-09,1.3224070638552738,1.3333860340951713,0.9427055680489441,0.691014650322044,False,saved_field_proxy,False
D0020,D0020_seed42_default_unitbox,42,6,3e-05,0.003,2.9002645554946792e-08,2.911246079614613e-08,5.03061190571861e-09,1.1668161187661312,1.1945478249351764,0.40942745131591735,0.7109322411737511,False,saved_field_proxy,False
D0020,D0020_seed42_default_unitbox,42,7,3.5e-05,0.0034999999999999996,3.427789810758172e-08,3.4569902807542445e-08,8.545622821381482e-09,0.8875450321736561,0.9349768404917315,-0.9295451082447377,0.6984669667797315,False,saved_field_proxy,False
D0020,D0020_seed42_default_unitbox,42,8,4e-05,0.004,3.7878095876683346e-08,3.846222920106344e-08,1.2693763751379009e-08,0.46229160624006993,0.5530974191455345,-3.1301866334443016,0.6793973173622648,False,saved_field_proxy,False
D0020,D0020_seed42_default_unitbox,42,9,4.5e-05,0.0045000000000000005,3.890081416998243e-08,4.01008769989978e-08,1.7346598452648283e-08,0.07598301307824157,0.1755750545171953,-6.92146737302039,0.7301679191028242,False,saved_field_proxy,False
D0020,D0020_seed42_default_unitbox,42,10,4.7e-05,0.004699999999999999,3.894993167967365e-08,4.033030350397644e-08,1.8909242855529044e-08,-0.06563732898552839,0.05714569772746758,-8.70437778414063,0.737795778358166,False,saved_field_proxy,False
D0020,D0020_seed42_default_unitbox,42,11,4.9e-05,0.0049,3.8638264854040315e-08,4.032945978990767e-08,2.034752212773858e-08,-0.2608693357832679,-0.05266851131377308,-10.918715175894702,0.7338106276535717,False,saved_field_proxy,False
D0020,D0020_seed42_default_unitbox,42,12,5.1e-05,0.0050999999999999995,3.790645433654058e-08,4.0119629458721355e-08,2.1644146913934153e-08,-0.42289404990139384,-0.14216769551785197,-13.338474841553097,0.7273923672859635,False,saved_field_proxy,False
D0020,D0020_seed42_default_unitbox,42,13,5.3e-05,0.0053,3.694668865443474e-08,3.976078900783626e-08,2.2724850669738627e-08,-0.46281833481622014,-0.1739620542827638,-16.264681339708304,0.7479105092814754,False,saved_field_proxy,False
D0020,D0020_seed42_default_unitbox,42,14,5.5e-05,0.0055,3.60551809972757e-08,3.9423781241590296e-08,2.3480978656749325e-08,-0.4867206647211578,-0.14183638280412456,-19.290781871347562,0.7530319747592928,True,saved_field_proxy,False
D0020,D0020_seed42_default_unitbox,42,15,5.7e-05,0.0057,3.4999805995550106e-08,3.919344347661976e-08,2.3946464844262432e-08,-0.32900597565267353,-0.08770710360907555,-22.48546699915104,0.7465255626898747,True,saved_field_proxy,False
D0020,D0020_seed42_default_unitbox,42,16,5.9e-05,0.0059,3.4739157094665e-08,3.907295282715399e-08,2.4180167044010666e-08,-0.3211994757613863,-0.057325787218173024,-25.46599958700929,0.7416439638359881,True,saved_field_proxy,False
D0020,D0020_seed42_default_unitbox,42,17,6.1e-05,0.0060999999999999995,3.371500809250456e-08,3.8964140327747066e-08,2.43758131894298e-08,-0.40923208488425133,-0.043742773382933475,-29.26333481153591,0.7641109282126209,True,saved_field_proxy,False
D0020,D0020_seed42_default_unitbox,42,18,6.3e-05,0.0063,3.3102228755128e-08,3.8897981733622256e-08,2.4499149805088204e-08,-0.32747593393949415,-0.02940741620121451,-33.354060116624694,0.7853173446340777,True,saved_field_proxy,False
D0020,D0020_seed42_default_unitbox,42,19,6.5e-05,0.0065,3.2405104356746585e-08,3.884651066294221e-08,2.4595211816824262e-08,-0.2720875082297975,-0.020455584678294447,-37.058413061874425,0.7671042999385372,True,saved_field_proxy,False
D0020,D0020_seed42_default_unitbox,42,20,6.7e-05,0.0067,3.201387872220882e-08,3.881615939490908e-08,2.4652947183280588e-08,-0.24764242217762722,-0.014308009091090063,-41.102005691875945,0.7590694600501504,True,saved_field_proxy,False
D0020,D0020_seed42_default_unitbox,42,21,6.9e-05,0.0069,3.1414534668036076e-08,3.8789278626577846e-08,2.4710642415725366e-08,-0.2713856510428124,-0.009804512784391747,-45.38598889138956,0.7605201510278218,True,saved_field_proxy,False
D0020,D0020_seed42_default_unitbox,42,22,7.1e-05,0.0071,3.0928336118037574e-08,3.877694134377151e-08,2.4726070443975266e-08,-0.19615099982157014,-0.00262321174848007,-49.67991782214553,0.8463920116372794,True,saved_field_proxy,False
D0020,D0020_seed42_default_unitbox,42,23,7.3e-05,0.0073,3.062993066874979e-08,3.8778785779583926e-08,2.4743034859351665e-08,-0.25244899480526917,-0.0030388921690716053,-53.88111498235646,0.8276024286786259,True,saved_field_proxy,False
D0020,D0020_seed42_default_unitbox,42,24,7.5e-05,0.007499999999999999,2.99185401388165e-08,3.8764785775095224e-08,2.4775353994822004e-08,-0.2961562459674761,-0.0057118861546481825,-58.80795700371494,0.863983230613214,True,saved_field_proxy,False
D0020,D0020_seed42_default_unitbox,42,25,7.7e-05,0.0077,2.944530568487989e-08,3.875593823496533e-08,2.4812281072175827e-08,-0.17107282712559585,-0.0033429469183492155,-63.685664505145425,0.8564821852754931,True,saved_field_proxy,False
D0020,D0020_seed42_default_unitbox,42,26,8e-05,0.008,2.9227037002795298e-08,3.875077309836997e-08,2.4842261133476622e-08,-0.08333145703683878,6.401749245987798e-05,-70.28024616613979,0.8340883286122648,True,saved_field_proxy,False
D0020,D0020_seed42_default_unitbox,42,27,8.3e-05,0.0083,2.8945316942658858e-08,3.875632233992009e-08,2.4844760050350694e-08,-0.1603915219450412,-0.0005458577814780249,-76.53974992634014,0.85456567239304,True,saved_field_proxy,False
D0020,D0020_seed42_default_unitbox,42,28,8.6e-05,0.0086,2.826468787112505e-08,3.874749795168111e-08,2.488462548617846e-08,-0.1592747819648124,0.001635683092623963,-83.7794894371823,0.8552665016318166,True,saved_field_proxy,False
D0020,D0020_seed42_default_unitbox,42,29,8.9e-05,0.0089,2.798966825086998e-08,3.8766136438475825e-08,2.487292788431782e-08,-0.2605987448859861,0.0030656901146642115,-90.17556912497675,0.8505725868827633,True,saved_field_proxy,False
D0020,D0020_seed42_default_unitbox,42,30,9.2e-05,0.0092,2.6701095401809126e-08,3.87658920923691e-08,2.4899054824768905e-08,-0.0959667312086408,0.0016989784049426318,-98.80763065394369,0.8339823441650782,True,saved_field_proxy,False
D0020,D0020_seed42_default_unitbox,42,31,9.5e-05,0.0095,2.7413867863618137e-08,3.877633030890548e-08,2.4899947778803915e-08,0.1463175295264678,0.0035973778429454484,-103.23271962313399,0.8968547281035889,True,saved_field_proxy,False
D0020,D0020_seed42_default_unitbox,42,32,9.8e-05,0.0098,2.757900057896794e-08,3.8787476359426766e-08,2.491264903472594e-08,-0.061069340568934566,0.0009316709809574497,-109.94960667218417,0.9163715271885304,True,saved_field_proxy,False
D0020,D0020_seed42_default_unitbox,42,33,0.0001,0.01,2.7302043792471577e-08,3.8785628129131603e-08,2.4926114741787387e-08,-0.13847839324818034,-0.0009241151475812821,-114.45556190966366,0.8663928437020306,True,saved_field_proxy,False
D0020,D0020_seed99_default_unitbox,99,0,1e-06,9.999999999999999e-05,3.601568657728349e-11,3.601568657728349e-11,1.978101203197975e-15,0.2529013065396682,0.25290130806118155,0.054066757985356165,0.03724445397643687,False,saved_field_proxy,False
D0020,D0020_seed99_default_unitbox,99,1,5e-06,0.0005,1.0476209127359564e-09,1.0476209188220097e-09,1.766072249546246e-12,0.42058039327961005,0.42058042759755826,0.2689530498247619,0.19328519652448284,False,saved_field_proxy,False
D0020,D0020_seed99_default_unitbox,99,2,1e-05,0.001,4.1985171712586435e-09,4.198517553912157e-09,4.4349305606481574e-11,0.8191099485766867,0.8191104279548131,0.5288869133277423,0.37506389403667423,False,saved_field_proxy,False
D0020,D0020_seed99_default_unitbox,99,3,1.5e-05,0.0015,9.238720398502822e-09,9.238725198370139e-09,2.3531870371790933e-10,1.1574040890736017,1.1574067004065316,0.7650712507121177,0.527454195590757,False,saved_field_proxy,False
D0020,D0020_seed99_default_unitbox,99,4,2e-05,0.002,1.5772558061994662e-08,1.5772584557977473e-08,7.823092057411882e-10,1.3316903142724852,1.3331261680804012,0.9579391434360692,0.6361153559127696,False,saved_field_proxy,False
D0020,D0020_seed99_default_unitbox,99,5,2.5e-05,0.0025,2.255562354122768e-08,2.2569986879174154e-08,2.4583280636452768e-09,1.3185769934886553,1.3283186424216729,0.9265599977228024,0.6934499870551806,False,saved_field_proxy,False
D0020,D0020_seed99_default_unitbox,99,6,3e-05,0.003,2.8958327996881214e-08,2.9055770982194198e-08,5.049469825533763e-09,1.1797270074358095,1.205979670414459,0.3796057576038832,0.7028715474674359,False,saved_field_proxy,False
D0020,D0020_seed99_default_unitbox,99,7,3.5e-05,0.0034999999999999996,3.4352893615585766e-08,3.4629783583318735e-08,8.462022054373884e-09,0.8948031183945793,0.9522084752627124,-0.9493411601042294,0.6896847634361477,False,saved_field_proxy,False
D0020,D0020_seed99_default_unitbox,99,8,4e-05,0.004,3.7906359180827e-08,3.857785573482132e-08,1.2625114436922853e-08,0.48365839364621555,0.5862407034064148,-3.1884769885181417,0.665854799509471,False,saved_field_proxy,False
D0020,D0020_seed99_default_unitbox,99,9,4.5e-05,0.0045000000000000005,3.918947755204793e-08,4.049219061738289e-08,1.7086467561314654e-08,0.030973924401512046,0.22435091399641316,-6.913024008085953,0.6821324483605166,False,saved_field_proxy,False
D0020,D0020_seed99_default_unitbox,99,10,4.7e-05,0.004699999999999999,3.907090560097681e-08,4.081407959536299e-08,1.8674378783732885e-08,-0.06816958094293078,0.1121230571885512,-8.893206492426064,0.6807976544409065,False,saved_field_proxy,False
D0020,D0020_seed99_default_unitbox,99,11,4.9e-05,0.0049,3.891679922827621e-08,4.09406828461371e-08,2.0097296159747416e-08,-0.18696526828306143,0.016916060857319684,-10.966965200442326,0.700809842638189,False,saved_field_proxy,False
D0020,D0020_seed99_default_unitbox,99,12,5.1e-05,0.0050999999999999995,3.832304452784456e-08,4.0881743838792265e-08,2.138289545547446e-08,-0.3354255429828274,-0.07525192889009692,-13.56303403522474,0.7158796363053432,False,saved_field_proxy,False
D0020,D0020_seed99_default_unitbox,99,13,5.3e-05,0.0053,3.7575097056344895e-08,4.063967513057671e-08,2.2491860733052123e-08,-0.29004120564569275,-0.14021217252573395,-16.309312598744892,0.7170069894391966,False,saved_field_proxy,False
D0020,D0020_seed99_default_unitbox,99,14,5.5e-05,0.0055,3.716287970526179e-08,4.032089514868933e-08,2.33426299785923e-08,-0.25651166908247613,-0.14088359375398832,-18.695386102606776,0.7310523948177118,False,saved_field_proxy,False
D0020,D0020_seed99_default_unitbox,99,15,5.7e-05,0.0057,3.6549050380014994e-08,4.007614075556076e-08,2.3899084614403423e-08,-0.39314876952285804,-0.10498889862788595,-21.649126506502316,0.7043734883142106,False,saved_field_proxy,False
D0020,D0020_seed99_default_unitbox,99,16,5.9e-05,0.0059,3.5590284627170366e-08,3.990093955417779e-08,2.4291413649317923e-08,-0.4257143237366753,-0.07667706614196759,-25.379196537710605,0.7197636455033255,True,saved_field_proxy,False
D0020,D0020_seed99_default_unitbox,99,17,6.1e-05,0.0060999999999999995,3.484619308506829e-08,3.976943249099289e-08,2.456720895182844e-08,-0.3741504556798187,-0.05257013857630673,-29.32986946098175,0.7266956006220238,True,saved_field_proxy,False
D0020,D0020_seed99_default_unitbox,99,18,6.3e-05,0.0063,3.409368280445109e-08,3.9690658999872556e-08,2.4744308131766098e-08,-0.3722089787679475,-0.03337996863471762,-33.15384342796429,0.7508524722998053,True,saved_field_proxy,False
D0020,D0020_seed99_default_unitbox,99,19,6.5e-05,0.0065,3.3357357169996505e-08,3.963591261645402e-08,2.4870585016547035e-08,-0.2774634670415551,-0.02638069182794335,-37.32223196472764,0.731681835362699,True,saved_field_proxy,False
D0020,D0020_seed99_default_unitbox,99,20,6.7e-05,0.0067,3.298382893628488e-08,3.958513623256079e-08,2.497096660161889e-08,-0.2766103479678855,-0.01856378614802784,-41.17522515081881,0.7605878539648947,True,saved_field_proxy,False
D0020,D0020_seed99_default_unitbox,99,21,6.9e-05,0.0069,3.225091577812496e-08,3.9561657471861905e-08,2.503750705494761e-08,-0.39015079852130174,-0.01274993645022926,-45.588845371465816,0.7839570867039497,True,saved_field_proxy,False
D0020,D0020_seed99_default_unitbox,99,22,7.1e-05,0.0071,3.1423225742199675e-08,3.9534136486759876e-08,2.510155490248579e-08,-0.19611835851199647,-0.012464134224459897,-50.5309487513199,0.7953198743127444,True,saved_field_proxy,False
D0020,D0020_seed99_default_unitbox,99,23,7.3e-05,0.0073,3.1466442344076966e-08,3.9511800934964065e-08,2.5141300067674726e-08,-0.20890939227117492,-0.00957002069223653,-53.607838041626,0.7774483348902491,True,saved_field_proxy,False
D0020,D0020_seed99_default_unitbox,99,24,7.5e-05,0.007499999999999999,3.0587588173114976e-08,3.949585640399093e-08,2.5183230760895674e-08,-0.293766792381263,-0.0037171260424580244,-58.238640819816645,0.7788906040641989,True,saved_field_proxy,False
D0020,D0020_seed99_default_unitbox,99,25,7.7e-05,0.0077,3.029137517455192e-08,3.949693243079424e-08,2.519281134840524e-08,-0.16966411177876065,-0.0006972652054357611,-62.74428544780306,0.7951186844808952,True,saved_field_proxy,False
D0020,D0020_seed99_default_unitbox,99,26,8e-05,0.008,2.96853735829781e-08,3.948928188144603e-08,2.5220793497757682e-08,-0.21296783050299245,-0.0018000821110503162,-69.34282579401548,0.8118875491131881,True,saved_field_proxy,False
D0020,D0020_seed99_default_unitbox,99,27,8.3e-05,0.0083,2.9013568191533968e-08,3.948613193812794e-08,2.5249829985155152e-08,-0.22805618139710646,-0.0018889279877181558,-76.20955347193409,0.7806960946072311,True,saved_field_proxy,False
D0020,D0020_seed99_default_unitbox,99,28,8.6e-05,0.0086,2.8317036494595465e-08,3.947794831351972e-08,2.5291655377118694e-08,-0.14362711173711729,-0.0029830618939628503,-83.17513483964882,0.8373417414159441,True,saved_field_proxy,False
D0020,D0020_seed99_default_unitbox,99,29,8.9e-05,0.0089,2.815180552111126e-08,3.946823356676416e-08,2.53320681658289e-08,-0.11922916263046313,0.004237185832286876,-90.13285585733466,0.8440689558814284,True,saved_field_proxy,False
D0020,D0020_seed99_default_unitbox,99,30,9.2e-05,0.0092,2.7601661518812685e-08,3.950337142851344e-08,2.5301618275296826e-08,-0.09697380343192709,0.006562035490761259,-96.98039691849517,0.8757196680439249,True,saved_field_proxy,False
D0020,D0020_seed99_default_unitbox,99,31,9.5e-05,0.0095,2.75699627005197e-08,3.950760577970873e-08,2.5309189318614106e-08,0.027429342628165244,0.0022332932244273004,-103.32423794245459,0.9256770894277023,True,saved_field_proxy,False
D0020,D0020_seed99_default_unitbox,99,32,9.8e-05,0.0098,2.7766237574581674e-08,3.951677118786e-08,2.532162423866879e-08,-0.41747880629065814,0.006311853811582363,-109.94829122660036,0.9390208305938104,True,saved_field_proxy,False
D0020,D0020_seed99_default_unitbox,99,33,0.0001,0.01,2.628740827625192e-08,3.953373718583138e-08,2.53231234938952e-08,-0.7394146491648738,0.008482998985688849,-117.90120541312132,0.9658389669586722,True,saved_field_proxy,False
